"Date","Time","1_CO","1_MP10","1_O3","2_MP10","2_O3","3_CO","3_MP10","3_O3","4_MP10","5_CO","5_MP10","5_NO2","5_O3","5_SO2","8_CO","8_SO2","12_CO","12_NO2","16_CO","16_MP10","16_O3","27_CO","27_MP10","27_NO2","27_O3","47_NO2","47_O3"
2005-10-15,"01:00",0.71,8.52,25.26,10.75,39.75,0.65,22.51,30.84,30.84,0.58,36.55,NA,26.85,2.35,0.87,1.26,0.41,NA,0.61,21.9,37.41,0.91,14.13,NA,5.59,26.91,18.69
2005-10-15,"02:00",0.67,33.37,21.29,42.38,37.05,0.72,33.5,15,35.54,0.64,25.07,38.74,18.99,2.6,0.88,1.35,0.33,55.91,0.73,22.46,24.48,0.89,15.55,54.04,4.16,23.13,10.56
2005-10-15,"03:00",0.79,31.39,7.1,41.76,34.11,0.8,38.28,4.44,33.98,0.62,26.17,51.38,9.68,5.03,0.87,2.23,0.44,60.83,0.79,27.9,21.37,0.72,29.35,48.59,6.47,14.06,12.46
2005-10-15,"04:00",0.73,34.36,8.59,32.49,46.12,0.81,42,5.46,36.51,0.64,30.21,49.43,8.59,NA,1.01,NA,0.35,58.5,0.77,36.86,12.96,0.72,28.69,40.83,6.76,3.09,NA
2005-10-15,"05:00",0.78,25.63,6.66,31.55,34.22,NA,31.02,19.86,26.63,NA,26.75,50.05,8.64,2.85,NA,3.22,NA,51.39,NA,54.52,11.26,NA,43.26,51.67,0,5.46,18.86
2005-10-15,"06:00",0.76,31.83,NA,28.18,NA,0.57,21.03,NA,36.47,0.61,22.71,35.64,NA,2.07,1.05,3.65,0.69,52.87,0.77,67.58,NA,0.84,37.18,47.17,NA,13.99,9.75
2005-10-15,"07:00",0.71,25.54,13.32,29.83,29.93,0.58,23.46,27.44,35.45,0.54,30.68,40.62,23.04,3.07,1.59,10.54,0.68,55.9,0.56,37.76,28.25,0.72,35.25,42.74,6.36,18.53,14.27
2005-10-15,"08:00",0.73,29.13,17.14,34.59,35.79,0.63,31.76,33.46,30.94,0.47,21.53,27.59,45.29,3.19,1.8,11.12,0.82,59.43,0.46,21.89,43.03,0.59,32.21,38.82,19.35,26.56,20.69
2005-10-15,"09:00",0.78,12.52,21.24,37.92,43.43,0.61,10.36,45.68,13.11,0.46,5.02,23.56,51.83,3.95,2.11,12.48,0.77,61.06,0.49,15.44,44.3,0.58,10.18,29.29,32.27,25.92,32.55
2005-10-15,"10:00",0.86,7.01,29.7,24.14,50.7,0.59,3.04,51.11,12.67,0.48,2.09,25.12,56.19,1.52,2.59,12.98,1.08,64.82,0.54,3.82,49.93,0.76,5.9,36.8,29.67,18.51,50.45
2005-10-15,"11:00",0.77,17.37,37.89,16.13,52.8,0.84,17.8,44.47,13.71,0.47,15.1,22.68,66.7,1.66,2.41,14.92,1.25,70.37,0.57,6.92,57.22,0.73,11.86,43.31,24.17,24.32,46.43
2005-10-15,"12:00",0.86,4.02,42.81,16.47,66.01,0.83,2.04,59.33,10.32,0.48,2.26,22.18,66.83,1.23,2.21,15.11,1.08,66.13,0.56,3.9,57.56,0.73,12.43,44.68,26.01,25.66,57.81
2005-10-15,"13:00",0.77,10.08,51.4,15.28,79.92,0.73,9.19,67.63,13.22,0.46,3.25,21.72,67.38,0.8,2.16,15.01,1.36,68.59,0.46,NA,55.87,0.65,6.24,31.01,39.51,17.13,75.4
2005-10-15,"14:00",0.76,15.85,60.17,12.29,81.66,0.61,7.38,85.26,11.18,0.48,3.32,18.15,84.02,1.35,2.02,13.75,1.33,69.41,0.48,1.61,60.83,0.66,10.23,38.72,32.36,16.77,71.76
2005-10-15,"15:00",0.66,16.71,70.76,12.18,74.14,0.71,16.53,73.06,19.9,0.44,5.44,19.7,84.68,1.11,1.99,11.35,1.37,71.74,0.46,1.25,65.42,0.64,7.77,38.83,43.51,16.1,75.17
2005-10-15,"16:00",0.63,15.91,61.8,15.51,63.43,0.67,13.61,67.94,7.11,0.42,6.9,19.24,77.15,1.93,1.82,10.65,0.97,63.38,0.4,NA,69.96,0.59,13.31,34.71,46.77,14.81,68.24
2005-10-15,"17:00",0.66,4.57,51.88,20.1,64.68,0.63,16.32,66.87,15.4,0.47,9.45,23.69,69.74,1.66,1.79,10.04,0.82,59.3,0.44,4.76,71.79,0.61,13.35,30.49,47.36,15.74,59.46
2005-10-15,"18:00",0.74,20.93,47.5,19.81,57.13,0.66,11.58,64.79,17.47,0.54,11.35,25.2,69.75,2.86,1.79,10.2,0.88,59.22,0.47,5.78,72.84,0.68,15.25,34.84,42.53,12.66,60.24
2005-10-15,"19:00",0.65,21.61,49.68,19.72,57.21,0.55,4.12,74.41,18.93,0.63,12.62,31.41,59.24,2.95,2,10.7,0.85,59.36,0.58,16.5,66.99,0.78,25,40.7,36.65,7.99,62.01
2005-10-15,"20:00",0.61,7.97,53.41,17.42,56.61,0.62,6.37,63.46,12.57,0.5,14.44,21.19,74.99,5.05,2,10.91,0.81,63.44,0.64,17.59,69.44,0.78,21.45,36.33,39.56,5.87,64.25
2005-10-15,"21:00",0.71,13.03,40.23,11.36,62,0.69,9.85,57.5,10.86,0.52,9.35,23.17,70.07,5.6,1.64,6.29,0.97,67.04,0.79,34.57,63.31,0.65,15.14,31.9,44.89,0.05,77.8
2005-10-15,"22:00",0.75,11.31,33.93,9.87,77.3,0.65,9.41,61.99,15.48,0.53,12.94,23.14,71.16,4.04,1.61,6.46,1.2,68.2,0.59,19.78,69.45,0.61,12.76,34.23,42.28,0.00255439796147402,76.78
2005-10-15,"23:00",0.72,15.68,36,8.82,72.99,0.55,6.5,70.16,17.54,0.51,6.39,20.76,71.75,3.22,1.46,5.68,1.12,66.52,0.65,31.57,63.19,0.62,8.09,31.98,43.61,0.45,70.09
2005-10-15,"24:00",0.73,12.52,32.78,8.17,63.18,0.55,4.82,69.67,13.24,0.53,9.16,21.42,67.64,4.86,1.25,3.07,1.09,57.56,0.77,28.2,51.88,0.62,21.68,30.92,42.07,1.82,64.9
2005-10-16,"01:00",0.68,22.54,37.55,10.17,67.86,0.57,39.85,65.79,16.45,0.49,63.22,NA,74.16,5.05,1.21,3.35,0.84,NA,0.66,22.36,56.89,0.67,18.09,NA,43.86,0.37,68.05
2005-10-16,"02:00",0.55,31.46,54.48,49.92,78.05,0.49,36.79,70.47,20.97,0.5,31.04,24.01,64.04,3.99,0.74,1.26,0.52,34.64,0.57,30.76,57.67,0.87,17.23,35.44,39.19,1.92,61.97
2005-10-16,"03:00",0.5,10.44,56.25,24.54,68.26,0.49,8.91,62.5,11.27,0.41,11.93,12.97,72.01,0.52,0.59,0.72,0.43,28.76,0.48,24.87,60.34,0.71,8.99,26.69,46.14,0.94,58.88
2005-10-16,"04:00",0.46,13.72,50.91,12.16,74.81,0.46,12.33,61.18,14.03,0.41,11.97,13.72,65.63,NA,0.57,NA,0.37,26.99,0.42,11.43,58.9,0.83,14.07,26.45,41.04,0,NA
2005-10-16,"05:00",0.45,23.99,41.99,17.52,74.88,NA,16.14,51.77,11.41,NA,13.94,14.15,62.09,3.61,NA,4.33,NA,33.79,NA,17.89,42.07,NA,19.37,22.36,42.1,0.00255439796147402,56.58
2005-10-16,"06:00",0.5,15.09,NA,22.2,NA,0.41,12.81,NA,17.9,0.34,6.89,13.87,NA,4.79,0.63,4.31,0.4,38.27,0.5,18.59,NA,0.49,18.96,21.73,NA,0.02,54.25
2005-10-16,"07:00",0.53,14.08,31.47,19.79,63.46,0.46,11.57,47.68,16.37,0.34,12.5,13.61,63.31,3.77,0.71,3.47,0.41,39.12,0.47,11.49,45.58,0.51,14.84,28.38,33.26,0.04,56.43
2005-10-16,"08:00",NA,NA,NA,NA,NA,NA,NA,NA,NA,NA,NA,NA,NA,NA,0.68,3.89,0.42,44.7,0.52,10.12,50.9,0.59,16.52,26.77,35.68,0,56.03
2005-10-16,"09:00",NA,NA,NA,NA,NA,NA,NA,NA,NA,NA,NA,NA,NA,NA,NA,NA,NA,NA,NA,NA,NA,NA,NA,NA,NA,0,53.73
2005-10-16,"10:00",0.55,7.12,38.05,14.55,66.74,0.51,16.49,42.91,12.59,0.45,16.27,25.91,50.04,6.53,0.75,4.76,0.43,47.24,NA,NA,NA,0.58,8.93,25.78,39.71,0.01,61.66
2005-10-16,"11:00",0.58,11,45.57,16.65,74.66,0.51,18.72,52.91,21.56,0.5,18.19,22.44,59.83,8.8,0.99,8.09,0.56,44.99,0.61,12.08,67.16,0.69,8.69,29.49,39.24,4.37,63.36
2005-10-16,"12:00",0.69,19.97,43.37,18.77,73.23,0.58,15.93,61.17,21.46,0.53,23.81,21.37,67.12,5.59,1.07,6.59,0.67,48.94,0.69,12.3,78.93,0.76,17.58,32,44.65,NA,NA
2005-10-16,"13:00",0.8,21.81,57.31,20.3,74.14,0.72,30.95,69.2,27.34,0.6,20.59,25.11,77.18,3.71,1.25,7.17,0.98,64.01,0.76,43.28,88.12,0.76,28.63,42.68,42.06,6.33,72.19
2005-10-16,"14:00",0.98,22.12,75.28,23.47,92.25,0.93,23.27,84.96,29.83,0.84,28.93,40.99,91.87,3.7,2.24,13.35,1.25,73.16,0.71,42.45,108.78,0.85,34.58,44.21,54.83,21.92,83.85
2005-10-16,"15:00",1.08,32.58,80.21,28.87,111.01,1.03,38.86,82.25,30.99,0.69,34.87,26.69,96.51,3.65,2.06,14.13,1.25,70.38,0.5,56.15,83.82,0.77,44.32,39.19,63.15,33.29,92.96
2005-10-16,"16:00",0.83,39.77,62.67,33.73,88.59,0.77,37.89,68.88,43.26,0.51,34.09,14.49,75.57,1.21,1.69,8.06,0.85,41.35,0.46,58.55,71.93,0.6,42.89,21.42,46.57,19.11,90.77
2005-10-16,"17:00",0.69,32.28,46.21,35.07,65.92,0.67,32.6,54.49,24.35,0.48,18.67,14.27,60.96,1.27,1.92,10.13,0.82,42.87,0.49,20.9,67.78,0.52,35.06,19.6,41.3,8.8,61.5
2005-10-16,"18:00",0.67,6.82,51.98,24.22,60.1,0.62,16.57,58.72,12.83,0.54,10.17,19.68,62.16,0.93,1.84,9.62,0.86,54.67,0.53,2.72,69.16,0.71,9.06,31.75,34.86,12.26,53.66
2005-10-16,"19:00",0.78,21.34,34.41,19.32,45.45,0.68,22.21,41.24,18.37,0.7,11.23,36.3,38.67,1.39,2.16,11.25,0.98,58.75,0.57,29.48,51.83,0.87,25.53,41.44,27.3,19.04,45.59
2005-10-16,"20:00",0.91,17.57,21.08,21.25,33.84,0.87,20.54,19.52,23.4,0.72,16.05,41.94,24.71,2.64,1.21,5.39,0.92,61.73,0.68,15.48,37.51,1.05,27.27,49.98,9.08,29.43,29.13
2005-10-16,"21:00",1.09,40.38,7.16,33.08,34.39,0.93,28.1,23.35,36.69,0.91,29.29,55.15,14.58,3.75,1.37,7.22,1.22,66.64,0.93,41.9,15.43,1.24,45.91,58.27,2.45,22.14,29.84
2005-10-16,"22:00",1.22,28.47,10.95,40.29,28.99,1.02,27.18,23.51,26.88,0.92,26.94,48.11,19.86,3.99,1.41,5.33,0.96,59.78,1.06,61.36,16.68,1.26,38.49,57.05,5.29,16.08,33.39
2005-10-16,"23:00",0.86,36.98,17.13,39.78,47.82,0.92,35.17,21.55,28.42,0.93,22.98,44.98,25.52,3.27,1.79,5.74,0.91,54.93,1.1,59.58,19.67,1.03,42.58,51.55,10,7.29,47.13
2005-10-16,"24:00",0.8,26.67,21.92,32.81,44.31,0.82,29.42,26.06,23.78,0.77,29.91,37.19,30.95,2.97,1.41,5.62,0.77,46.32,1.11,81.23,15.4,0.88,45.1,48.58,13.72,4.05,43.07
2005-10-17,"01:00",0.76,28.24,12.13,29.58,33.19,0.72,15.65,25.59,23.03,0.68,16.28,NA,29.81,3.26,1.25,7.94,0.73,NA,0.97,77.47,22.75,0.89,40.78,NA,5.14,6.32,40.98
2005-10-17,"02:00",0.7,39.27,14.81,36.81,29.83,0.61,32.24,32.53,9.42,0.63,84.46,34.31,23.2,3.79,1.26,10.48,0.66,41.74,1.08,57.93,14.42,0.68,32.34,37.13,14.85,0.37,39.86
2005-10-17,"03:00",0.68,52.78,22.34,71.06,43.03,0.63,45.78,26.91,32.6,0.66,41.51,37.9,18.6,3.44,1.07,10.84,0.71,33.03,0.67,63.45,29.66,0.73,35.14,35.23,10.82,7.84,26.48
2005-10-17,"04:00",0.66,59.89,12.31,36.5,33.04,0.65,48.79,5.95,39.21,0.56,38.17,31.76,19.49,NA,0.76,NA,0.53,34.65,0.51,50.7,25.88,0.72,52.89,32.02,2.16,7.89,NA
2005-10-17,"05:00",0.75,69.12,0.8,47.6,25.46,NA,65.57,3.52,59.82,NA,52.7,47.89,7.53,6.22,NA,10.99,NA,49.72,NA,90.88,17.93,NA,54.77,29.44,14.82,1.49,38.12
2005-10-17,"06:00",0.81,54.51,NA,69.69,NA,0.64,52.37,NA,47.88,0.53,45.57,42.17,NA,5.37,0.75,8.17,0.58,48.05,0.62,94.32,NA,0.66,57.42,34.46,NA,2.33,30.13
2005-10-17,"07:00",1.06,49.22,0.65,34.03,26.41,0.89,40.45,3.34,46.68,0.59,43.23,42.09,1.27,3.24,1.24,6.94,0.96,61.21,0.93,89.23,10.28,1.34,62.64,47.72,0.01,6.19,9.83
2005-10-17,"08:00",1.56,46.09,1.17,40.61,25.95,1.49,54.8,3.59,48.06,0.84,36.9,36.31,1.22,2.7,1.67,7.84,1.33,69.44,1.32,119.85,10.46,2.39,73.09,55.65,0.04,13.49,0.62
2005-10-17,"09:00",2.19,46.14,2.05,38.28,29.4,1.72,50.88,5.1,43.6,1.53,38.18,57.78,3.91,4.82,2.96,14.9,2.45,86.74,1.87,89.91,13.48,2.5,70.35,69.72,0.12,19.17,8.54
2005-10-17,"10:00",2.64,47.75,4.26,36.54,38.92,1.94,48.96,8.99,50.59,2.33,38.84,107.32,7.47,10.7,3.64,21.97,3.71,125.81,1.65,17.11,23.32,2.35,64.69,107.04,2.67,49.39,22.84
2005-10-17,"11:00",1.97,53.6,16.68,61.4,46.17,2.06,56.09,26.18,61.17,1.4,45.14,98.13,43.68,9.04,3.07,22.98,3.22,142.25,1,8.98,61.9,1.87,50.84,102.05,27.29,60.8,44.91
2005-10-17,"12:00",1.4,27.67,39.24,52.7,101.02,1.32,33.68,57.59,48.52,0.98,32.24,62.76,80.02,4.7,2.68,16.3,3,138.34,0.79,0.8,82.93,1.47,6.86,81.68,47.6,24.73,84.01
2005-10-17,"13:00",1.15,33.37,48.79,30.22,125.85,1.14,82.04,56.38,28.75,0.84,23.57,55.55,77.71,5.6,2.34,14.04,2.72,141.75,0.8,19.2,77.27,1.58,23.7,85.79,39.13,0.49,104.81
2005-10-17,"14:00",1.16,30.4,56.11,19.08,133.41,1.02,45.03,62.93,31.72,0.71,24.34,52.65,75.75,5.36,2.33,12.88,3.23,136.47,0.89,19.67,63.32,1.45,20.44,76.4,40.4,0,107.35
2005-10-17,"15:00",1.13,16.89,60.2,17.04,130.5,1.08,32.78,69.29,31.76,0.7,24.7,43.17,95.43,5.35,2.73,16.28,3.46,143.06,0.83,5.74,77.95,1.52,17.71,83.1,42.14,0,96.76
2005-10-17,"16:00",1.45,36.05,40.94,20.34,118.83,1.16,40.83,60.54,32.49,0.86,28.04,62.56,67.2,3.62,2.91,15.2,4.3,157.57,1.02,54.96,54.28,1.59,50.52,86.06,33.82,0.14,95.57
2005-10-17,"17:00",1.44,41.5,42.29,23.93,119.17,1.17,44.14,62.62,33.16,0.78,28.67,50.72,75.87,3.31,2.87,12.69,2.32,142.14,1.18,46.47,35.64,2.26,65.51,104.07,20.72,1.05,55.22
2005-10-17,"18:00",1.49,42.84,34.15,26.17,107.21,1.27,40.71,56.67,32.98,1.15,54.24,73.8,39.22,2.64,3.25,13.77,3.86,168.6,1.45,80.64,32.19,3.2,75.17,131.66,2.99,3.2,84.75
2005-10-17,"19:00",1.73,51.08,21.68,32.92,120.04,1.73,43.2,34.3,44.99,1.25,30.55,85.44,30.54,2.08,3.16,13.38,3.93,179.4,1.41,42.87,35.01,2.49,43.56,125.73,14.45,3.61,77.11
2005-10-17,"20:00",1.95,51.67,6.14,46.29,75.89,2.42,62.84,6.5,55.51,2.02,69.9,132.07,6.44,3.65,4.59,33.3,4.18,175.8,1.43,86.69,33.99,3.29,84.14,141.03,0.28,20.11,48.56
2005-10-17,"21:00",2.03,60.57,3.96,51.75,30.31,2.14,77.03,5.49,58.22,1.97,66.99,111.33,1.83,1.72,2.75,24.99,2.47,138.68,1,206.4,33.6,3.3,155.08,107.88,0.001008,51.97,18.19
2005-10-17,"22:00",1.98,55.52,0.95,43.66,25.38,2.43,76.34,3.38,64.43,1.08,37.27,72.7,2.08,0.99,2.27,21.85,2.69,122.69,0.85,23.01,36.01,3.89,86.42,86.99,0.02,67.97,2.2
2005-10-17,"23:00",1.77,41.92,1.71,41.83,25.22,2.6,74.16,3.21,54.28,1.07,22.83,66.82,1.13,1.08,2.13,20.55,2.19,111.84,1.17,41.99,16.69,3.58,46.76,72.47,0,57.56,0.53
2005-10-17,"24:00",1.25,50.72,7.71,42.69,29.69,2.23,57.39,3.38,63.67,0.93,22.4,61.22,3.2,0.88,1.69,12.83,1.31,99.6,1.45,58.21,10.63,3.29,48.33,61.39,0,44.54,0
2005-10-18,"01:00",1.7,48.02,1.3,31.28,26.77,2.28,50.48,2.93,54.16,1.38,23.17,NA,1.33,1.17,1.51,8.12,1.25,NA,1.39,21.95,10.48,1.98,31,NA,0.001008,39.39,5.99
2005-10-18,"02:00",1.52,71.67,0.93,36.56,32.25,1.82,91.52,2.76,43.93,1.35,65.52,66.42,1.25,1.02,1.84,12.9,1.31,91.98,1.19,50.11,10.05,2.03,34.85,63.78,0,18.99,17.87
2005-10-18,"03:00",1.63,68.29,1.07,70.41,36.83,1.77,75.26,2.83,56.91,1.31,47.73,62.58,1.46,0.85,2.01,15.68,1.72,93.01,1.32,65.32,10.06,1.95,66.94,49.94,0,3.61,43.76
2005-10-18,"04:00",1.82,56.15,1.72,45.26,26.24,1.8,62.69,2.88,38.38,1.43,43.52,56.26,1.43,NA,1.99,NA,1.66,88.87,1.36,77.16,9.79,1.64,59.84,43.42,0,3.2,NA
2005-10-18,"05:00",1.92,56.09,1.3,48.88,25.77,NA,50.95,3.12,49.56,NA,41.85,47.44,1.36,1.41,NA,14.87,NA,80.17,NA,72.51,8.9,NA,66.98,42.24,0,1.32,12.31
2005-10-18,"06:00",2.42,71.08,NA,52.81,NA,1.99,54.9,NA,46.31,1.21,36.1,48.79,NA,0.84,2.04,17.29,1.03,87.13,0.81,57.03,NA,1.47,69.46,41.96,NA,3.06,7.98
2005-10-18,"07:00",2.44,74.76,1.92,49.98,24.98,2.35,80.63,2.28,81.42,0.94,29.97,49.97,1.63,0.56,3.39,26.89,0.83,84.73,0.9,24.15,10.83,2.1,70.2,53.73,0.04,4.62,4.27
2005-10-18,"08:00",2.21,70.5,1.65,52.1,25.05,1.74,86.98,1.76,103.22,0.95,30.2,63.18,5.33,1.6,3.31,23.62,1.61,91.31,0.94,38.56,19.33,2.12,41.41,60.85,0,17.41,1.79
2005-10-18,"09:00",1.63,66.86,4.22,86.41,24.82,1.3,53.23,7.4,58.89,0.64,7.49,40.67,32.44,1.02,2.78,17.34,1.81,87.31,0.81,16.17,33.44,1.25,25.32,55.98,4.39,18.46,0.38
2005-10-18,"10:00",1.22,21.97,8.14,46.42,30.65,1.06,29.28,16.84,29.58,0.74,15.63,48.84,22.92,0.59,2.93,14.74,1.76,90.25,0.83,28.4,37.57,1.36,34.77,56.69,1.98,34.52,1.15
2005-10-18,"11:00",1.41,31.13,3.91,27.3,27.35,1.31,36.45,6.33,25.09,0.93,17.49,54.88,15.08,0.45,2.94,13.3,2.04,87.4,0.62,55,35.16,1.95,48.34,66.41,0.36,57.06,6.25
2005-10-18,"12:00",1.64,31.24,3.64,25.05,30.27,1.61,26.98,5.39,21.82,0.86,16.58,50.05,15.94,0.74,3.52,18.79,2.68,81.33,0.49,1.51,33.41,1.86,25.85,69.87,0.36,50.65,11.06
2005-10-18,"13:00",1.38,19.58,7.35,23.82,41.89,1.45,27.64,9.32,16.3,0.94,18.77,48.11,13.83,0.42,2.72,15.45,2.19,89.52,0.55,12.01,36.58,1.67,36.75,65.02,2.97,39.89,26.04
2005-10-18,"14:00",1.29,10.34,5.85,16.56,44.29,1.15,44.39,12.6,23.35,0.69,10.76,37.93,18.25,0.36,2.69,15.53,2.24,90.78,0.5,1.6,36.16,1.26,13.3,51.98,4.91,42.67,34.14
2005-10-18,"15:00",0.96,11.94,5.34,13.1,31.79,0.75,29,20.42,19.14,0.47,1.03,26.03,29.24,1.44,2.46,14.69,1.54,69.12,0.49,NA,38.81,0.94,2.63,36.56,10.55,50.39,16.41
2005-10-18,"16:00",0.9,7.35,5.2,18.42,30.8,0.62,26.02,24.46,17.56,0.46,6.79,32.15,25.13,2.11,2.61,17.93,1.84,71.05,0.44,0.74,40.04,0.94,3.48,42.18,7.3,27.64,27.91
2005-10-18,"17:00",0.75,13.05,6.54,22.19,32.82,0.73,18.41,22.76,13.25,0.44,3.14,33.07,24.19,2.35,2.58,19.36,1.65,76.75,0.47,0.73,38.2,0.74,6.78,41.07,7.45,26.91,22.62
2005-10-18,"18:00",0.75,14.15,5.1,18.96,31.32,0.79,13.77,17.02,16.03,0.37,0.78,26.86,33.15,4.62,2.7,21.55,1.38,79.36,0.5,1.55,33.45,0.7,5.1,42.09,8.91,35.62,16.38
2005-10-18,"19:00",0.77,9.39,5.62,16.16,28.71,0.72,16.27,18,13.4,0.45,6.84,36.33,22.66,5.79,2.47,16.83,1.23,72.32,0.5,7.57,34.4,0.71,6.34,43.93,6.38,37.02,9.63
2005-10-18,"20:00",0.8,19.52,4.1,17.54,29.83,0.69,9.28,19.36,13.52,0.5,8.61,43.1,14.94,6.03,2.31,15.04,1.26,78.05,0.48,14.08,35.21,0.78,17.47,43.98,5.59,31.79,11.22
2005-10-18,"21:00",0.71,4.42,5.24,16.85,28.71,0.65,13.8,17.79,14.56,0.47,8.98,42.18,16.06,5.35,1.87,14.31,0.93,70.82,0.42,2.05,36.05,0.7,10.57,42.36,5.98,32.33,11.52
2005-10-18,"22:00",0.61,9.99,6.8,15.31,29.66,0.65,8.64,14.65,14.07,0.4,1.91,48.04,10.77,3.98,1.9,10.99,0.93,69.22,0.49,7.52,31.58,0.7,8.13,46.97,2.83,29.61,12.95
2005-10-18,"23:00",0.75,7.99,3.64,10.37,29.83,0.85,6.17,10.5,10.12,0.45,5.84,51.32,6.94,3.71,1.67,10.27,0.91,72.36,0.57,8.09,33.18,0.71,9.62,47.03,1.63,36.39,8.78
2005-10-18,"24:00",0.91,4.35,1.96,7.43,25.43,0.8,13.64,2.52,8.19,0.5,5.41,49.69,7.31,4.58,1.18,7.63,0.67,67.8,0.55,10.59,23.51,0.79,11.87,50.4,0.32,41.64,2.35
2005-10-19,"01:00",0.8,20.98,2.52,10.33,26.05,0.55,11.04,3.98,11.01,0.56,8.25,NA,3.71,5.01,1.22,9.76,0.59,NA,0.33,10.66,38.06,0.73,9.43,NA,0.12,37.27,3.01
2005-10-19,"02:00",0.63,23.51,3.14,15.54,27.27,0.45,29.07,17.54,18.52,0.43,45.91,33.09,17.07,4.78,0.97,8.87,0.35,48.63,0.25,2.6,52.35,0.55,10.81,39.03,5.44,16.87,17.05
2005-10-19,"03:00",0.6,37.07,4.92,55.17,45.19,0.4,39.12,20.75,40.11,0.5,37.14,24.22,25.9,5.37,0.74,9.72,0.34,35.62,0.27,14.95,47.9,0.51,20.28,29.02,11.27,4.51,27.78
2005-10-19,"04:00",0.74,25.2,6.96,23,41.27,0.57,16.69,17.89,14.81,0.22,16.86,12.93,39.06,NA,0.47,NA,0.39,35.59,0.21,8.99,53,0.35,14.15,23.12,18.18,0,NA
2005-10-19,"05:00",0.57,18.38,12.71,11.69,37.75,NA,14.11,27.86,11.95,NA,11.95,13.74,36.05,0.56,NA,8.12,NA,25.84,NA,7.04,49.96,NA,10.57,16.16,26.59,2.17,23.1
2005-10-19,"06:00",0.49,15.2,NA,15.95,NA,0.29,14.11,NA,18.52,0.32,13.37,26.17,NA,0.21,0.99,12.99,0.38,35.4,0.29,16.25,NA,0.41,16.27,33.38,NA,6.75,19.27
2005-10-19,"07:00",0.73,10.18,3.41,14.68,28.73,0.43,11.57,19.72,20.89,0.48,21.69,39.75,9.71,1.8,2.57,29.83,0.59,51.25,0.37,9.83,27.6,0.8,19.88,46.86,2.36,25.56,9.66
2005-10-19,"08:00",1.15,23.11,1.17,17.33,25.99,0.74,18.53,4.91,28.2,0.97,24.78,50.29,1.36,1.23,2.79,27.62,1.42,70.63,0.58,18.3,25.78,2.01,31.85,50.36,0.006467,40.29,2.08
2005-10-19,"09:00",1.23,27.22,2.75,28.51,27.73,0.81,21.95,9.85,36.85,0.95,28.64,48.04,5.5,2.13,3.16,26.32,1.69,74.72,0.6,17.07,25.29,1.58,37.99,50.9,0.26,34.24,5.16
2005-10-19,"10:00",1.25,42.75,2.46,33,28.25,0.89,31.11,9.52,51.59,0.78,26.27,46.11,8.2,2.88,2.04,19.25,1.87,80.72,0.65,21.78,26.99,1.74,42.01,50.41,1.02,30.52,12.85
2005-10-19,"11:00",1.08,45.65,4.29,36.43,30.12,NA,NA,NA,48.25,0.64,29.86,39.93,17.23,0.97,2.65,22.93,1.94,84.09,0.84,40.76,23.12,1.44,35.49,50.11,4.87,32.14,13.41
2005-10-19,"12:00",0.98,25.25,6.89,34.86,35.88,NA,NA,NA,34.31,0.58,20.43,37.32,22.48,0.81,2.48,23.46,1.66,75.44,0.64,43.44,34.9,1.18,19.04,45.9,7.62,25.84,19.83
2005-10-19,"13:00",0.9,25.6,9.06,32.18,36.32,0.65,47.91,26.15,27.38,0.44,15.15,28.21,34.63,0.58,2.17,28.28,1.75,71.59,0.48,12,48.4,0.93,22.46,41.06,14.16,24.12,22.33
2005-10-19,"14:00",0.96,26.92,8.55,25.15,35.26,0.64,31.4,26.01,NA,0.56,13.9,34.65,26.49,0.5,2.69,30.65,1.91,73.57,0.41,19.87,51.14,1.38,21.55,42.5,11.61,25.34,21.11
2005-10-19,"15:00",1.04,39.3,5.69,30.42,30.94,0.82,39.05,19.14,NA,0.61,22.75,36.53,23.66,1.5,2.29,23.94,2.11,76.09,0.48,16.88,48.53,1.01,36.23,45.73,9.63,27.01,24.33
2005-10-19,"16:00",0.95,23.41,8.78,41.03,35.56,0.66,25.77,31.37,NA,0.6,22.87,38.1,24.94,1.37,2.96,31.92,2.26,76.28,0.42,27.23,45.29,1.12,26.24,45.35,12.25,28.48,23.76
2005-10-19,"17:00",0.86,27.19,10.96,34.96,38.11,0.84,26.5,26.38,NA,0.51,18.48,29.32,29.96,0.67,2.7,33.05,1.81,74.57,0.48,25.54,42.26,0.91,23.55,41.59,13.6,22.9,26.08
2005-10-19,"18:00",0.79,15.81,11.34,33.2,36.41,0.65,18.89,27.64,NA,0.58,17.08,34.04,22.89,1.35,2.73,33.72,1.51,62.9,0.52,20.69,37.35,0.95,29.86,44.26,8.67,28.42,21.37
2005-10-19,"19:00",0.99,24.56,4.44,27.56,31,0.79,22.87,15.46,NA,0.6,9.83,34.17,16.57,1.46,3.08,29.9,1.9,67.47,0.58,25.88,29.98,0.83,25.8,42.25,5.96,30.46,11.94
2005-10-19,"20:00",0.81,24.3,2.85,23.39,26.63,0.71,20.68,12.25,NA,0.49,16.75,34.69,13.75,1.67,2.04,21.74,1.43,60.68,0.63,25.19,26,0.73,20.51,41.27,2.36,21.92,13.4
2005-10-19,"21:00",0.73,15.14,2.83,22.45,26.48,0.59,13.72,14.88,NA,0.52,10.38,37.33,10.28,2,2.01,20.74,1.39,61.79,0.59,24.11,24.9,0.7,21.55,40.75,2.38,9.53,22.34
2005-10-19,"22:00",0.65,17.76,2.79,22.7,39.14,0.55,13.11,14.75,NA,0.44,9.24,31.53,16.36,0.86,1.82,23.54,1.02,56.34,0.54,10.35,25.73,0.63,9.93,39.31,3.77,7.28,25.31
2005-10-19,"23:00",0.58,12.22,5.11,15.31,40.74,0.52,6.41,20.01,NA,0.53,12.26,35.93,9.09,1.42,2,22.6,0.81,53.44,0.52,19.51,28.49,0.65,16.73,37.85,1.66,5.61,24.72
2005-10-19,"24:00",0.45,6.36,12.7,7.28,35.04,0.43,8.36,30.27,NA,0.56,8.19,40.22,4.22,4.17,1.53,18.54,0.56,47.69,0.53,15.6,29.35,0.68,18.79,41.08,0.02,10.06,19.89
2005-10-20,"01:00",0.36,3.26,18.42,9.83,43.91,0.32,2.59,34.47,NA,0.37,8.32,NA,12.65,4.49,0.81,12.91,0.36,NA,0.44,22.76,30.4,0.52,13.03,NA,2.3,11.96,16.07
2005-10-20,"02:00",0.28,13.37,26.58,14.8,52.7,0.28,31.31,39.49,NA,0.26,69.81,22.68,21.54,3.36,0.61,11.89,0.29,20.76,0.49,12.63,33.86,0.38,11.19,26.53,9.07,4.3,21.95
2005-10-20,"03:00",0.29,15.01,28.5,50.71,54.22,0.28,32.28,38.19,NA,0.27,34.78,23.21,18.3,2.29,0.62,12.06,0.17,16.59,0.38,25.28,37.55,0.29,14.92,20.72,13.67,0,26.25
2005-10-20,"04:00",0.3,9.82,28.1,25.02,52.38,0.28,17.64,38.52,NA,0.23,16.85,17.01,24.82,NA,0.53,NA,0.18,16.69,0.4,16.53,39.41,0.3,12.39,18.82,14.62,0,NA
2005-10-20,"05:00",0.3,5.58,25.86,10.99,51.69,NA,8.6,37.58,NA,NA,15.12,18.29,23.54,1.51,NA,8.87,NA,22.18,NA,20.43,34.31,NA,13.94,16.97,16.98,1.37,20.86
2005-10-20,"06:00",0.38,7.11,NA,9.19,NA,0.21,3.08,NA,NA,0.23,12.93,23.58,NA,1.1,0.68,7.53,0.36,35.85,0.45,15.89,NA,0.3,14.39,24.17,NA,8.33,14.36
2005-10-20,"07:00",0.56,11.81,5.35,11.28,28.69,0.32,10.3,18.96,NA,0.36,15.62,37.96,6.13,0.29,1.67,13.06,0.62,48.01,0.56,13.92,13.21,0.53,15.01,37.66,2.18,22.51,4.91
2005-10-20,"08:00",0.88,13.34,1.99,15.05,25.67,0.56,10.24,10.2,NA,0.73,17.8,41.91,1.97,0.07,2.49,17.73,1.27,58.93,0.67,31.44,14.83,1.86,19.51,44.11,0.02,29.75,1.97
2005-10-20,"09:00",0.99,18.85,4.53,20.91,29.04,0.55,7.77,15.2,NA,0.83,13.96,44.37,5.46,0.005328,1.3,9.05,1.26,57.86,0.83,20.58,18.68,1.16,22.44,45.06,2.54,26.35,5.57
2005-10-20,"10:00",1.15,22.23,4.68,28.43,34.09,0.54,14.78,20.68,NA,0.63,22.72,37.85,17.06,0.000533,0.88,9.1,1.24,56.18,0.61,8.41,29.37,1.02,16.47,38.23,11.32,18.96,23.47
2005-10-20,"11:00",0.99,12.94,8.25,30.78,33.94,0.47,17.11,30.46,NA,0.49,17.27,31.17,24.65,0,0.93,7.64,1.36,58.94,0.65,20.72,30.4,1.26,18.84,43.69,12.72,1.77,44.41
2005-10-20,"12:00",0.93,20.96,12.59,30.72,45.58,0.52,8.2,36.78,NA,0.5,10.12,28.55,41.46,0,0.97,9.39,1.29,61.89,0.59,6.99,46.17,1.06,12.49,41.8,21.77,8.15,42.54
2005-10-20,"13:00",0.77,20.83,24.51,26.9,66.49,0.47,12.02,51.73,NA,0.36,18.96,15.95,70.64,0,0.86,8.37,1.17,58.39,0.58,7.21,67.57,1.06,18.24,43.08,35.11,0.14,69.41
2005-10-20,"14:00",0.84,27.11,39.54,28.44,82.24,0.49,17.28,74.3,NA,0.43,15.86,21.26,89.17,0.02,1.04,7.12,1.13,69.42,0.58,30.47,73.25,0.94,29.46,48.88,47.93,0.25,82.95
2005-10-20,"15:00",0.79,20.67,65.87,34.75,102.34,0.58,20.04,88.97,NA,0.52,22.35,31.08,85.52,0.00818,1.55,14.56,1.75,88.59,0.53,76.4,66.82,0.99,39.49,54.15,53.39,0.04,99.77
2005-10-20,"16:00",0.96,47.1,46.72,39.57,77.32,0.94,57.47,51.66,NA,0.53,26.91,33.89,70.36,0.45,2.26,25.92,1.85,83.47,0.44,30.35,82.86,0.84,57.61,46.8,48.56,26.7,83.44
2005-10-20,"17:00",1.11,46.94,42.31,44.77,82.12,1.01,40.53,59.57,51.06,0.64,36.8,46.87,82.34,0.7,2.45,24.4,1.64,98.42,0.48,34.27,83.89,0.91,49.77,59.36,48.17,50.88,75.66
2005-10-20,"18:00",1.14,53.96,22.52,57.22,50.86,0.86,52.6,45.55,71.49,0.62,30.66,47.51,62.54,0.01,2.82,23.43,2.09,99.86,0.47,76.92,74.22,0.96,71.68,64.9,29.97,59.08,50.39
2005-10-20,"19:00",1.18,64.01,9.93,64.71,37.61,1.22,53.87,20.22,78.77,0.73,39.53,60.95,29.78,0.000178,3.13,23.45,2.06,91.43,0.5,52.82,59.57,1.08,59.14,72.65,10.29,69.99,17.7
2005-10-20,"20:00",1.18,75.07,1.55,64.01,27.11,1.21,55.13,8.93,83.84,0.7,40.05,61.41,13.99,0,2.4,20.89,1.52,83.34,0.49,44.57,46.77,0.97,57.9,59.42,6.98,72.2,3.95
2005-10-20,"21:00",1.29,55.6,2.62,70.41,27.09,1.21,49.19,6.88,65.51,0.71,31.14,53.54,9.74,0.22,2.17,20.71,2.05,73.92,0.47,26.2,45.65,0.94,35.29,58.37,1.06,61.94,0.21
2005-10-20,"22:00",1.23,50.25,0.99,46.31,25.29,1.04,45.26,4.14,70.42,0.89,46.92,59.43,2.08,1.28,2.07,23.94,1.86,68.86,0.45,29.71,43.4,1.1,53.57,56.61,0.005955,53.76,0.03
2005-10-20,"23:00",1.19,52.41,0.83,46.38,25.76,1,52.26,3.54,58.56,0.77,37.17,59.71,1.53,0.5,1.81,20.19,1.74,66.49,0.6,36.19,37.63,1,44.77,58.38,0.1,48.69,0
2005-10-20,"24:00",1.28,47.51,0.71,56.63,25.78,1.12,74.96,1.29,57.56,0.95,47.41,56.37,1.06,1.95,1.42,14.61,1.34,64.45,0.69,53.45,19.95,1.25,58.13,54.31,0.006427,46.14,0
2005-10-21,"01:00",1.25,52.31,0.67,50.91,25.4,0.97,74.22,1.23,57.56,1,44.28,NA,1,0.23,1.23,13.06,1.18,NA,0.88,73.26,10.21,1.44,63.27,NA,0.002382,44.95,0
2005-10-21,"02:00",0.86,76.56,1.22,96.84,27.13,0.68,67.55,3.59,49.93,0.87,75.29,47.69,1.12,0.002486,0.99,8.92,0.77,53.19,0.96,78.92,10.05,1.21,82.93,48.35,0,22,9.87
2005-10-21,"03:00",0.62,61.42,4.17,71.79,43.94,0.56,64.2,6.13,50.95,0.47,49.22,38.07,8.37,0.04,0.63,6.33,0.55,46.16,0.88,93.54,10.4,0.64,68.43,38.14,4.26,0.79,21.49
2005-10-21,"04:00",0.52,33.53,7.13,31.49,53.3,0.46,35.86,14.42,32.72,0.45,32.26,37.97,6.53,NA,0.5,NA,0.41,43.4,0.72,88.54,14.91,0.5,45.37,35.67,5.77,0.00766131308907643,NA
2005-10-21,"05:00",0.48,21.94,14.68,23.65,52.24,NA,22.62,17.19,22.89,NA,31.31,26.45,20.26,1.57,NA,3.53,NA,36.97,NA,47.62,21.9,NA,31.63,32.59,8.2,0,24.94
2005-10-21,"06:00",0.55,26.76,NA,18.15,NA,0.4,23.31,NA,28.75,0.35,21.69,30.1,NA,2.56,0.61,3.04,0.42,44.57,0.46,32.21,NA,0.47,30.53,41.19,NA,0,24.74
2005-10-21,"07:00",0.83,28.07,4.85,20.41,34.57,0.57,27.85,3.44,34.01,0.45,24.26,47.19,4.2,3.38,0.99,4.22,0.63,60.84,0.61,41.94,7.16,0.84,26.12,NA,NA,2.27,19.23
2005-10-21,"08:00",1.02,34.48,5.72,27.55,32.07,0.71,27.13,3.97,41.76,0.72,24.96,49.98,3.64,3.14,1.37,5.85,1.11,65.84,0.92,65.98,6.13,1.62,35.13,NA,NA,6.79,17.64
2005-10-21,"09:00",1.3,24.51,6.9,25.85,34.42,0.81,30.41,10.36,37.01,0.88,25.88,50.59,10.59,4.36,1.46,6.17,1.28,69.67,1.19,17.42,9.48,1.74,32.36,NA,NA,17.87,23.89
2005-10-21,"10:00",1.38,31.19,9.65,26.09,41.5,0.79,23.56,20.54,36.41,0.99,29.85,54.92,26.17,4.9,1.58,9.32,1.31,77.47,1.24,6.73,22.98,NA,40.18,70.06,9.32,18.29,36.32
2005-10-21,"11:00",1.16,41.92,15.1,38.15,57.5,0.76,26.27,35.59,37.67,0.97,34.31,67.69,45.52,6.56,1.94,14.68,1.93,92.78,1.28,15.46,47.24,NA,29.24,76.14,24.87,14.54,52.51
2005-10-21,"12:00",1.16,55.97,32.42,47.1,93.45,0.76,31.41,59.35,44.29,0.97,40.91,75.74,73.07,7.73,1.93,13.51,1.68,109.28,1.18,33.56,76.98,1.25,45.21,75.91,54.15,10.36,75.92
2005-10-21,"13:00",1.06,40.67,72.62,34.58,123.38,0.74,37.08,88.71,40.06,0.79,40.21,50.7,126.06,4.84,1.67,10.22,1.98,103.57,0.82,34.14,125.24,1.17,38.95,64.54,89.05,1.59,96
2005-10-21,"14:00",0.9,32.73,102.54,31.79,130.09,0.77,43.02,104.25,39.53,0.54,28.29,24.94,147.97,5.49,1.95,16.77,1.87,105.82,0.56,4.93,135.82,1.07,21.38,46.29,92.06,0,100.05
2005-10-21,"15:00",0.95,20.74,88.87,26.48,130.84,0.79,28.95,89.77,19.21,0.47,26.49,21.81,133.98,5.39,1.62,12.28,2.5,115.36,0.6,45.22,136.14,3.1,20.99,44.17,105.36,0,103.66
2005-10-21,"16:00",1.18,32.13,92.95,25.89,141.62,0.88,42.43,94.82,37.22,0.52,24.68,24.68,138.86,5.39,2.21,20.65,2.06,104.06,0.6,29.98,130.4,3.2,37.77,56.37,94.93,0.05,110.02
2005-10-21,"17:00",1.44,38.44,79.45,30.66,124.07,0.94,89.34,77.41,29.46,0.64,27.53,31.51,128.58,5.6,2.23,20.44,3.67,155.48,0.67,74.36,90.25,3.42,41.8,67.43,89.72,2.08,88.13
2005-10-21,"18:00",1.72,48.6,50.78,30.31,145.21,1.39,77.6,56.6,65.02,1.29,45.29,85.19,73.29,22.57,3.15,58.22,2.96,160.85,0.98,233.55,56.14,3.55,57.58,85.44,54.82,0.02,112.87
2005-10-21,"19:00",1.94,99.45,27.13,61.6,43.58,1.52,93.88,32.87,102.45,1.78,79.9,112.1,34.62,19.97,3.79,45.16,3.04,145.89,1.1,131.04,40.53,4.3,162.6,110.25,7.25,75.49,54.88
2005-10-21,"20:00",1.77,48.92,9.54,69.98,32.49,1.55,46.1,15.21,40.95,1.86,60.37,112.58,5.29,13.46,3.06,32.51,2.65,151.13,1.06,62.19,26.42,3.88,111.45,92.67,2.79,87.96,20.16
2005-10-21,"21:00",1.53,38.53,10.66,47.43,43.41,1.37,40.08,14.95,40.71,1.43,39.64,94.56,2.33,12.12,2.72,36.8,1.96,113.34,0.94,86.55,23.65,3.69,50.37,78.35,2.33,55.87,33.12
2005-10-21,"22:00",1.41,38.99,14.04,32.64,46.07,1.01,36.94,38.44,41.09,1.45,34.56,91.91,2.23,13.3,3.19,44.21,1.73,99.53,1.07,89.21,24.76,3.82,43.85,80.51,3.03,38.65,41.95
2005-10-21,"23:00",0.89,35.24,37.14,NA,81.35,0.82,34.19,55.47,40.74,0.67,26.39,39.31,62.24,5.99,1.88,18.56,0.79,66.37,0.87,67.33,45.85,3.13,49.38,58.35,40.27,1.18,83.23
2005-10-21,"24:00",1.2,22.85,21.29,NA,42.66,1.24,21.25,29.52,25.67,0.82,13.87,61.41,39.21,1.71,3.04,14.01,1.92,106.47,0.69,21.24,50.29,3.42,30.2,89.02,8.14,21.84,52.96
2005-10-22,"01:00",1.35,17.34,9.2,NA,40.76,1.1,19.39,25.05,23.99,0.9,18.75,NA,24.73,1.93,2.08,9.37,1.73,NA,0.77,20.6,40.99,3.25,22.28,NA,14.93,24.15,45.09
2005-10-22,"02:00",1.14,36.18,15.89,NA,53.03,1.02,31.1,28.09,19.91,0.75,71.62,52.4,47.81,1.3,1.63,6.52,1.52,83.92,0.54,17.7,78.23,2.92,19.29,53.23,34.46,25.75,42.51
2005-10-22,"03:00",0.84,29.91,43.2,NA,57.42,0.67,36.5,65.42,23.7,0.6,34.77,28.61,64.65,3.23,0.77,4.4,0.93,59.38,0.49,15.63,91.76,2.9,17.07,44.29,44,NA,54.11
2005-10-22,"04:00",0.75,8.56,51.44,NA,64.35,0.65,17.57,63.96,12.26,0.61,11.98,29.8,54.22,NA,0.73,NA,0.66,43.72,0.54,15.13,81.25,3.1,15.09,48.38,27.83,NA,NA
2005-10-22,"05:00",0.85,19.56,37.49,NA,65.07,NA,12.61,24.81,28.19,NA,10.58,35.48,48.29,1.33,NA,1.95,NA,49.33,NA,21.84,33.93,NA,16.53,41.97,35.99,NA,46.53
2005-10-22,"06:00",0.99,17.15,NA,NA,NA,0.89,22.79,NA,19.38,0.67,16.38,44.07,NA,1.44,0.85,1.83,0.57,50.53,0.87,32.51,NA,0.72,15.72,43.1,NA,NA,42.62
2005-10-22,"07:00",1.22,18.58,0.45,NA,43.02,0.9,17.79,2.58,25.59,0.67,19.3,40.11,27.94,1.51,1.37,2.02,0.65,69.03,0.9,26.42,13.23,0.78,14.19,51.28,11.75,NA,63.74
2005-10-22,"08:00",1.35,21.34,1.65,NA,57.49,0.79,8.97,18.52,27.19,0.59,11.36,26.79,50.08,2.33,1.29,2.82,0.55,69.81,0.97,32.56,13.29,1.2,25.77,64.24,1.59,NA,73.64
2005-10-22,"09:00",1.34,17.18,8.72,NA,74.2,0.78,30.99,36.64,10.7,0.53,11.51,23.16,64.13,1.32,1.59,3.8,0.76,73.69,0.95,19.22,34.76,0.99,8.46,50.22,35.04,NA,79.35
2005-10-22,"10:00",1.01,7.87,40.32,NA,100.25,0.69,7.52,59.84,3.21,0.53,6.85,19.61,80.24,1.94,1.45,6.68,0.78,66.7,0.62,4.53,73.07,0.77,14.31,28.61,58.79,NA,79.93
2005-10-22,"11:00",1.07,16.89,50.71,NA,96.56,0.63,12.14,73.19,11.95,0.52,18.99,19.37,80.58,2.06,1.75,8.56,0.81,56.41,0.66,17.54,79.96,0.71,13.51,27.66,58.49,NA,75.7
2005-10-22,"12:00",1.14,25.47,49.53,NA,95.27,0.81,28.29,57.16,19.22,0.6,12.26,26.63,68.75,1.66,2.37,9.26,0.99,69.72,0.69,32.38,74.57,0.91,31.36,39.93,48.29,NA,75.64
2005-10-22,"13:00",1.21,22.45,47.08,NA,98.99,0.98,31.97,56.18,18.53,0.58,19.36,26.54,72.64,0.85,2.07,10.79,1.69,88.09,0.73,21.8,63.59,0.74,23.75,33.63,57.74,NA,77.95
2005-10-22,"14:00",1.22,29.3,43.78,NA,93.62,1.06,21.97,55.63,25.83,0.61,23.15,27.66,69.65,2.15,2,9.36,1.87,96.69,0.68,49.64,71.24,0.87,32.72,36.36,50.15,NA,76.47
2005-10-22,"15:00",1.18,26.23,45.43,NA,100.34,1.04,27.11,59.1,24.95,0.55,15.51,23.16,82.9,1.23,2.08,9.32,1.97,98.41,0.74,29.55,62.03,0.81,24.02,36.36,59.18,NA,85.44
2005-10-22,"16:00",0.98,17.8,72.38,NA,120.48,0.88,16.79,83.36,14.76,0.64,21.82,31.75,89.44,2.33,2.81,14.62,1.65,101.89,0.8,38.77,66.74,0.8,22.97,39.65,68,NA,92.55
2005-10-22,"17:00",0.89,21.28,73.32,NA,118.98,0.7,17.31,89.83,8.53,0.5,16.91,22.54,97.2,5.6,2.34,13.16,1.37,102.06,0.76,24.81,74.58,0.72,17.56,27.07,82.01,NA,93.35
2005-10-22,"18:00",0.89,21.81,68.48,NA,110.01,0.74,32.51,80.82,27.16,0.55,21.42,28.14,86.12,4.33,2.79,14.79,1.14,96.74,0.67,11.48,80.91,0.91,37.03,41.88,63.16,NA,90.84
2005-10-22,"19:00",0.92,30.3,59.74,NA,102.98,0.84,17.35,61.26,23.47,0.58,20.48,30.39,79.66,4.44,2.22,11.54,1.16,82.18,0.82,57.87,71.16,0.89,28.56,38.93,61.76,NA,84.15
2005-10-22,"20:00",1.02,28.01,44.29,NA,73.95,0.94,27.9,45.41,30.83,0.74,21.09,44.24,54.41,2.46,1.84,8.52,0.8,72.83,0.85,47.98,60.28,1.1,41.96,55.84,34.98,NA,53.07
2005-10-22,"21:00",1.22,33.98,21.42,NA,73.42,1.09,31.19,26.83,29.12,0.94,23.81,59.14,22.4,2.34,2.39,9.03,0.94,74.54,1.18,65.65,29.3,1.59,44.57,77.36,2.32,NA,68.13
2005-10-22,"22:00",1.35,29.22,6.45,NA,73.51,1.07,25.25,22.43,23.9,1.25,28.23,70.4,3.04,2.43,2.32,10.06,0.97,78.07,1.56,59.66,15.86,2.02,44.08,78.82,0.1,NA,71.19
2005-10-22,"23:00",1.29,32.18,4.79,NA,69.88,0.89,23.39,32.3,23.82,1.02,28.71,60.77,14.8,2.21,2.2,7.74,1.09,82.08,1.53,74.66,11.96,1.67,48.72,69.18,1.15,NA,67.65
2005-10-22,"24:00",1.01,31.57,21.9,NA,72.99,0.9,24.19,29.11,31.99,0.78,13.54,44.12,30.24,1.84,2,8.27,0.98,66.23,0.79,21.7,48.1,1.36,57.88,61.77,4.76,NA,65.71
2005-10-23,"01:00",0.86,29.25,25.89,NA,78.1,0.72,25.95,39.36,29.03,0.81,27.52,NA,27.04,1.4,1.97,6.17,0.68,NA,0.7,62.91,45.51,1.04,33,NA,16.44,NA,62.72
2005-10-23,"02:00",0.76,43.43,39.3,NA,82.07,0.69,18.55,42.61,19.77,0.66,62.53,27.81,50.87,0.51,1.21,3.76,0.65,42.01,0.76,55.69,34.1,0.83,35.55,39.74,23.55,NA,69.29
2005-10-23,"03:00",0.71,29.64,44.65,NA,82.33,0.7,40.38,35.54,26.96,0.61,27.27,26.24,49.67,0.36,1.23,4.88,0.87,56.75,0.72,57.26,40.1,0.8,29.65,38.78,21.94,NA,69.34
2005-10-23,"04:00",0.65,13.6,51.11,NA,88.41,0.56,18.93,57.89,15.83,0.56,19.41,25.93,45.69,NA,1.11,NA,0.48,31.89,0.56,26.52,61.99,0.59,9.34,25.39,35.05,NA,NA
2005-10-23,"05:00",0.57,22.13,57.3,NA,87.81,NA,15.3,56.7,6.02,NA,11.96,16.58,61.83,1.49,NA,2.99,NA,24.73,NA,9.65,72.47,NA,11.91,17.93,46.83,NA,69.14
2005-10-23,"06:00",0.61,12.65,NA,NA,NA,0.49,12.11,NA,15.44,0.36,16.6,14.26,NA,1.82,1.17,4.14,0.62,43.51,0.44,8.08,NA,0.44,15.52,16.29,NA,NA,67.73
2005-10-23,"07:00",0.6,15.17,47.25,NA,84.69,0.56,14.76,43.97,18.72,0.36,11.7,17.85,54.48,1.52,0.84,3.51,0.51,48.62,0.46,24.48,48.93,0.48,19.9,25.91,32.66,NA,70.73
2005-10-23,"08:00",0.6,15.55,48.42,NA,87.89,0.54,17.74,43.76,7.95,0.32,15.78,20.34,55.28,1.82,1.14,4.65,0.38,50.12,0.48,18.52,43.23,0.45,12.62,25.64,39.55,NA,69.8
2005-10-23,"09:00",0.65,7.54,46.39,NA,81.39,0.5,10.57,49.97,15.53,0.33,12.05,19.81,55.75,1.83,1.12,5.3,0.64,59.92,0.5,9.5,44.87,0.52,10.81,25.43,37.72,NA,65.04
2005-10-23,"10:00",0.74,6.68,41.44,NA,69.63,0.6,9,37.61,11.97,0.41,8.64,21.26,50.5,1.21,2.09,7.15,0.67,59.81,0.57,15.37,42.7,0.6,13.58,29.08,32.8,NA,56.87
2005-10-23,"11:00",0.79,6.66,44.75,NA,72.78,0.69,11.34,42.41,9.25,0.51,13.24,28.98,40.25,1.16,2.8,5.03,1.15,71.75,0.8,53.77,35.45,0.64,6.68,28.12,37.2,NA,56.01
2005-10-23,"12:00",0.81,7.92,50.46,NA,87.62,0.71,7.06,52.62,14.72,0.66,8.25,36.4,42.93,1.15,2.73,3.47,1.09,69.66,0.92,52.67,41.26,0.73,11.97,38.72,31.58,NA,62.94
2005-10-23,"13:00",0.91,7.14,53.6,NA,88.85,0.9,13.82,55.77,25.4,0.71,14.21,37.5,53.55,1.78,2.55,6.46,0.96,61.4,0.87,16.13,74.25,0.71,8.72,31.4,52.2,NA,60.31
2005-10-23,"14:00",1.02,12.19,68.36,NA,98.35,0.89,10.79,78.04,9.65,0.65,20.55,29,89.91,2.71,2.27,10.19,1.29,70.2,0.7,1.32,108.93,0.75,4.36,28.77,78.84,NA,65.38
2005-10-23,"15:00",1.07,16.03,87.09,NA,122.52,0.92,19,87.07,7.95,0.58,14.15,21.36,122.75,3.77,1.7,5.75,0.94,70.91,0.73,16.37,110.63,0.75,7.27,31.45,91.58,NA,96.94
2005-10-23,"16:00",1.05,25.58,85.75,NA,119.67,0.92,36,79.79,33.52,0.61,9.72,24.23,77.81,3.21,2.42,6.7,1.03,67.73,0.61,72.57,65.58,0.7,33.6,31.62,68.19,3.29,115.79
2005-10-23,"17:00",0.89,35.4,46.21,NA,61.87,0.8,21.69,44.24,30.53,0.48,10.45,21.66,60.72,2.36,1.98,5.01,0.95,52.37,0.65,17.64,65.6,0.57,21.71,24.18,45.89,14.93,59.03
2005-10-23,"18:00",0.69,15.43,44.44,NA,54.85,0.62,16.56,50.05,8.84,0.36,5.21,15.85,60.26,1.3,1.78,6.66,0.86,49.65,0.46,4.82,67.3,0.49,16.72,23.2,42.15,17.48,42.32
2005-10-23,"19:00",0.62,15.18,44.33,NA,57.95,0.5,17.28,51.55,16.33,0.37,15.59,19.66,54.13,0.98,2.02,7.76,0.77,46.33,0.42,17.39,63.13,0.48,30.78,21.75,39.33,4.69,52.24
2005-10-23,"20:00",0.61,16.83,42.98,NA,54.24,0.53,14.39,51.53,13.03,0.37,11.1,20.03,52.29,1.14,1.67,5.96,0.67,46.54,0.44,26.15,59.35,0.49,13.63,24.88,36.8,7.92,45.92
2005-10-23,"21:00",0.62,17.29,39.76,NA,53.51,0.49,13.79,50.43,25.33,0.41,9.33,22.49,48.52,1.15,1.74,6.78,0.75,46.59,0.46,18.93,59.41,0.49,21.58,28.37,30.86,7.52,46.04
2005-10-23,"22:00",0.58,23.04,40.86,NA,45.52,0.51,26.82,50.9,22.79,0.36,10.88,18.14,54.64,1.4,1.54,7.59,0.69,46.08,0.37,3.8,65.78,0.44,10.31,23.38,38.52,6.21,44.47
2005-10-23,"23:00",0.72,16.52,37.6,NA,46.89,0.47,20.9,46.85,26.64,0.35,9.92,19.55,53.42,1.15,1.5,6.9,0.79,44.15,0.36,2.65,66.6,0.43,7.45,23.66,38.26,4.08,45.99
2005-10-23,"24:00",0.55,31.94,41.76,NA,59.68,0.42,23.07,49.86,22.71,0.36,6.97,21.67,47.64,1.96,1.33,6.26,0.64,45,0.34,9.31,64.96,0.52,16.28,25.7,33.1,0.03,54.6
2005-10-24,"01:00",0.48,24.62,46.1,NA,66.33,0.38,23.13,54.37,24.56,0.32,8.25,NA,54.79,0.49,1.03,6.19,0.39,NA,0.31,2.65,69.82,0.38,19.6,NA,42.8,2.91,45.57
2005-10-24,"02:00",0.41,35.57,54.35,NA,74.1,0.31,30.23,63.4,16.85,0.27,60.04,12.34,58.39,0.73,0.57,2.89,0.41,29.37,0.28,23.7,70.46,0.36,19.27,16.04,44.6,4.95,41.54
2005-10-24,"03:00",0.4,34.38,56.4,NA,74.97,0.31,38.55,58.51,41.53,0.26,42.8,10.58,55.89,0.62,0.68,2.97,0.29,21.79,0.27,25.44,66,0.34,32.55,13.55,43.99,0.12,51.9
2005-10-24,"04:00",0.45,28.71,49.26,NA,65.97,0.32,32.18,50.93,33.73,0.25,26.32,9.88,56.72,NA,0.54,NA,0.34,20.67,0.24,23.79,69.49,0.35,39.6,11.19,42.72,0,NA
2005-10-24,"05:00",0.41,29.02,50.67,NA,52.34,NA,26.22,53.4,28.08,NA,19.58,6.89,63.79,1.06,NA,4.21,NA,19.1,NA,19.03,69.03,NA,23.52,10.17,49.77,0,56.02
2005-10-24,"06:00",0.5,22.98,NA,NA,NA,0.3,16.48,NA,25.46,0.26,14.17,14.94,NA,0.77,0.79,6.16,0.29,32.59,0.31,17.02,NA,0.31,10.95,18.13,NA,0.94,37.81
2005-10-24,"07:00",0.72,20.28,15.67,NA,32.83,0.38,17.65,39.32,21.65,0.38,12.1,29.93,34.94,0.99,0.82,3.46,0.66,64.63,0.56,16.56,29.22,0.9,14.11,38.03,20.59,13.04,30.67
2005-10-24,"08:00",1.03,24.81,5.66,NA,32.21,0.56,16.01,31.05,32.8,0.72,23.52,58.35,10.98,2,1.61,6.35,1.13,73.12,0.85,46.67,23.62,1.97,19.57,53.65,7.49,31.01,18.54
2005-10-24,"09:00",1.07,21.78,7.95,NA,36.51,0.54,17.08,34.81,35.69,0.58,19.54,35.6,33.32,1.75,1.18,6.1,1.11,71.82,0.78,17.79,31.14,1.59,14.57,45.31,17.76,30.47,24.43
2005-10-24,"10:00",1.34,16.35,10.03,NA,44.7,0.55,14.39,38.21,40.18,0.6,8.02,36.1,30.99,1.27,1.1,5.79,1.15,71.4,0.69,22.5,36.65,1.17,20.44,48.83,16.58,NA,NA
2005-10-24,"11:00",1.04,21.65,12.8,NA,38.7,0.52,13.27,39.61,25.78,0.58,19.6,31.84,40.08,2.22,2.33,17.02,1.61,70.81,0.58,8.39,53.49,1.45,14.03,47.6,17.55,NA,NA
2005-10-24,"12:00",0.91,9.46,23.39,NA,41.8,0.53,5.85,47.25,24.2,0.56,14.31,30.41,59.92,4.14,1.34,13.74,2.04,82.57,0.53,35.29,53.93,1.12,12.63,NA,33.6,14.36,46.95
2005-10-24,"13:00",0.92,18.51,39.29,NA,NA,0.52,8.49,60.69,27.13,0.59,17.63,30.6,69.31,4.4,2.19,21.23,1.49,76.06,0.54,46.16,59.96,1.08,8,43.82,53.35,NA,65.57
2005-10-24,"14:00",1.02,34.8,51.24,NA,NA,0.69,22.83,80.14,34.44,0.63,34,29.5,78.55,5.94,2.09,21.56,1.5,80.22,0.47,44.92,67.72,1.14,33.31,46.37,55.19,17.21,79.94
2005-10-24,"15:00",1.04,47.57,81.71,NA,111.35,0.81,37.42,96.32,49.75,0.61,29.86,30.9,84.1,6.75,2.06,21.8,1.88,103.63,0.45,41.34,73.31,1.02,56.22,50.86,61.15,17.1,93.12
2005-10-24,"16:00",1.05,47.2,40.34,NA,77.61,0.86,47.78,53.63,50.74,0.57,32.02,26.18,67.35,6.59,2.46,22.76,1.68,74.45,0.44,54.46,65.71,0.9,49.96,44.3,42.17,41.84,95.09
2005-10-24,"17:00",1.05,35.64,30.79,NA,55.84,0.82,45.22,47.03,42.25,0.6,27.83,32.47,52.6,5.76,2.18,20.7,2.07,88.19,0.52,62.27,51.09,1.05,45.35,49.41,30.32,42.36,54.11
2005-10-24,"18:00",1.27,50.95,11.25,NA,42.18,0.91,47.85,26.7,50.56,0.8,27.89,40.65,28.13,7,2.92,24.04,2.2,75.42,0.68,52.99,36.96,1.14,47.14,57.75,15.97,50.6,34.97
2005-10-24,"19:00",1.16,46.44,3.04,NA,29.35,0.95,40.56,15.48,42.19,0.74,27.51,40.93,13.92,5.73,3.15,18.71,2.3,72.36,0.72,52.45,28.83,1.23,70.11,53.88,2.7,53.26,12.44
2005-10-24,"20:00",1.13,35.65,0.33,NA,22.72,0.94,66.44,8.68,43.99,0.78,28.9,42.94,8,3.3,2.66,16.25,1.69,65.11,0.75,52.15,24.16,1.11,49.94,49.9,0.26,43.48,8.95
2005-10-24,"21:00",1.1,31.78,0.08,NA,29.36,0.73,44.16,13.24,38.85,0.71,19.51,42.78,3.99,1.88,2.08,16.1,1.66,63.18,1.02,52.7,17.24,1,34.25,44.75,0.007686,37.3,12.61
2005-10-24,"22:00",1.07,30.77,0.37,NA,29.55,0.57,13.54,27.33,28.35,0.66,19.49,42.42,2.98,1.56,1.67,14.73,1.31,57.37,0.92,50.14,13.81,0.95,33.3,44.59,0.003843,37.7,8.55
2005-10-24,"23:00",0.69,20.54,11.13,NA,31.2,0.54,29.64,28,15.82,0.59,19.45,39.54,7.1,2.03,1.35,11.63,0.96,53.35,1.22,30.44,13.26,0.8,21.41,43.86,0,32.99,11.57
2005-10-24,"24:00",0.68,7.97,14.86,NA,31.32,0.49,5.38,30.1,14.41,0.46,9.73,24.72,26.05,1.76,1.39,11.35,0.77,50.95,0.77,32.1,13.94,0.75,14.79,40.42,3.36,35.65,9.49
2005-10-25,"01:00",0.61,13.12,18.64,NA,31.24,0.43,9.64,31.29,12.08,0.53,11.76,NA,7.66,3.81,1.06,12.2,0.7,NA,0.75,14.96,17.93,0.71,3.3,NA,5.94,37.1,6.63
2005-10-25,"02:00",0.58,19.2,19.19,NA,35.63,0.4,23.55,29.27,8.53,0.48,58.24,36.79,7.86,2.8,1.02,11.13,0.55,37.95,0.75,37.34,21.88,0.67,7.76,38.66,2.41,34.09,7.26
2005-10-25,"03:00",0.55,26.42,18.57,NA,35.42,0.38,36.44,29.63,28.64,0.43,34.07,32.8,9.44,2.71,0.59,8.29,0.36,29.46,0.55,49.45,23.87,0.49,21.3,29.13,8.23,19.4,17.49
2005-10-25,"04:00",0.59,19.53,7.22,NA,32.44,0.42,16.29,21.79,31.75,0.42,24.31,33.42,7.72,NA,0.74,NA,0.44,36.34,0.52,45.67,21.92,0.42,22.48,23.05,13.37,11.97,NA
2005-10-25,"05:00",0.61,19.94,14.41,NA,40.98,NA,21.48,30.11,20.36,NA,23.18,32.8,9.06,3.57,NA,13.01,NA,29.23,NA,59.55,19.01,NA,29.46,36.36,0.43,14.68,22.71
2005-10-25,"06:00",0.73,23.96,NA,NA,NA,0.43,24.32,NA,36.69,0.37,25.18,31.82,NA,1.7,0.72,7.21,0.41,39.13,0.57,55.16,NA,0.5,34.02,37.7,NA,16.18,18.51
2005-10-25,"07:00",0.98,39.71,7.6,NA,35.94,0.66,36.25,6.23,33.61,0.48,19.18,39.87,10.43,1.48,0.82,5.45,0.6,56.4,0.68,48.19,12.38,0.85,39.53,45.66,4.02,11.81,29.01
2005-10-25,"08:00",1.24,31.28,8.12,NA,32.88,0.82,28.34,6.44,35.22,0.83,38.54,56.21,4.63,2.2,1.06,4.92,0.89,66.32,0.94,50.97,13.8,1.25,35.89,54.38,2.96,15.08,25.61
2005-10-25,"09:00",1.58,25.79,9.79,NA,32.2,0.93,46.95,14.75,39.54,1.05,24.62,59.47,13.32,5.13,1.64,9.06,1.64,83.56,1.2,19.46,21.6,1.71,32.73,67.24,3.86,18.91,26.17
2005-10-25,"10:00",1.44,39.2,13.12,NA,41.44,0.92,23.06,22.95,36.81,1.2,34.62,71.65,29.95,5.73,1.96,11.66,1.7,91.31,1.44,12.88,31.89,1.91,38.89,83.39,8.48,24.69,44.55
2005-10-25,"11:00",1.35,56.93,17.44,NA,54.48,0.8,31.43,39.83,40.86,1.05,39.92,70.72,43.97,7.92,1.56,11.36,1.44,92.41,1.44,29.55,57.78,1.74,50.08,90.71,18.85,18.28,56.54
2005-10-25,"12:00",1.34,43,24.5,NA,58.84,0.78,33.95,55.98,42.23,1.08,34.67,78.9,58.03,9.56,1.62,10.52,1.78,117.45,1.44,51.07,76.96,1.5,55.64,92.62,37.1,22.44,71.16
2005-10-25,"13:00",1.24,43.69,43.38,NA,79.49,0.89,35.67,64.31,58.39,1.15,44.76,91.02,84.45,9.54,1.5,9.9,1.66,120.01,1.32,42.61,95.95,1.57,52.43,95.83,68.56,19.09,100.07
2005-10-25,"14:00",1.38,48.78,68.18,55.58,120.14,1.01,47.27,83.68,70.19,1.06,43.21,76.48,114.79,8.98,1.94,11.03,2.57,146.33,1.04,53.45,125.87,NA,26.94,54.77,89.12,5.87,103.76
2005-10-25,"15:00",1.18,33,79.93,20.67,140.94,0.91,53.19,85.62,32.73,0.64,27.41,37.5,120.12,6.83,2.16,12.51,3.33,146.17,0.69,43.78,95.77,1.35,40.55,76.38,64.09,13.27,112.18
2005-10-25,"16:00",1.17,28.02,92.37,9.25,156.31,0.93,35.78,98.97,34.54,0.62,18.69,33.3,124.82,6.36,2.58,17.22,4.02,153.28,0.64,15.15,106.05,1.13,14.15,67.66,76.43,12.99,132.55
2005-10-25,"17:00",1.22,35.15,105.77,11.94,159.55,1.01,45.06,106.9,26.59,0.59,28.18,28.15,145.07,6.73,2.85,20.94,3.91,152.89,0.63,16.33,121.07,1.12,36.55,80.31,74.58,9.86,134.58
2005-10-25,"18:00",1.18,45.85,101.51,20.48,156.81,1.03,64.48,93.61,40.43,0.63,29.64,32.27,135.37,6.19,3.21,22.81,3.14,149.74,0.63,48.19,107.66,1.54,55.55,88.18,63.19,14.89,140.09
2005-10-25,"19:00",1.57,46.87,54.26,28.72,142.96,1.16,58.25,59.77,38.48,0.72,26.6,44.87,100.21,4.18,3.05,16.56,3.86,154.41,0.84,53.71,63.55,2.03,72.96,111.34,26.99,20.3,115.49
2005-10-25,"20:00",1.34,42.17,43.06,33.77,132.36,1.27,49.83,40.72,46.03,0.97,34.28,69.09,62.35,4.19,2.67,14.17,2.66,147.54,1.19,83.24,33.53,1.59,66.74,98.13,28.88,13.74,98.46
2005-10-25,"21:00",1.62,56.3,12.41,35.2,72.93,1.35,63.29,28.96,53.54,0.99,41.6,75.63,44.33,5.78,2.52,15.12,3.29,150.84,1.43,87.56,17.87,2.51,75.47,119.74,0.51,11.38,72.52
2005-10-25,"22:00",1.53,65.12,6.57,46.17,31.91,1.36,59.17,3.64,64.52,1.3,39.68,104.62,8.54,5.97,2.29,10.95,2.25,134.31,1.79,95.38,12.7,2.84,73.42,118.06,0.16,13.23,45.45
2005-10-25,"23:00",1.46,72.17,6.45,63.59,46.06,1.22,53.39,1.77,61.69,1.29,46.45,99.01,1.76,9.04,1.76,10.11,1.33,102.09,2.28,92.47,11.44,1.84,69.21,97.79,4.36,18.05,57.65
2005-10-25,"24:00",1.63,54.18,6.17,53.36,48.03,1.21,55.74,1.34,60.2,1.19,45.56,93.44,2.11,5.06,1.97,8.94,1.15,96.72,1.3,99.62,12.43,1.13,45.55,73.84,9.86,11,75.18
2005-10-26,"01:00",1.12,59.97,5.93,38.84,24.44,0.92,52.63,1.62,48.39,1.05,34.35,NA,6.26,4.44,1.29,5.89,0.95,NA,0.83,49.84,20.42,1.3,50.02,NA,1.31,17.3,51.13
2005-10-26,"02:00",0.96,41.06,5.98,NA,24.18,0.73,71.43,2.06,36.77,1.1,78.24,69.03,1.08,4.32,1.18,8.57,0.83,75.73,0.58,22.96,43.45,0.82,35.37,53.76,13.76,31.84,21.62
2005-10-26,"03:00",0.97,72.94,5.96,76.6,24.23,0.79,69.63,0.95,46.46,0.97,58.62,59.99,0.77,2.55,1.06,8.58,0.73,71.82,0.52,39.69,50.83,0.85,35,59.09,4.3,28.88,14.01
2005-10-26,"04:00",0.89,52.7,6.08,63.5,27.14,0.74,45.92,1.82,45.08,0.8,43.1,56.65,0.75,NA,0.9,NA,0.66,67.15,0.61,44.44,33.4,0.67,35.99,49.87,5.6,34.56,NA
2005-10-26,"05:00",0.95,44.69,6.12,65.58,25.33,NA,38.66,2.87,35.26,NA,34.12,55.92,0.85,4.71,NA,6.82,NA,64.22,NA,73.08,11.2,NA,39.81,53.35,0.008655,28.38,0.01
2005-10-26,"06:00",1.09,55.52,NA,53.51,NA,0.69,37.73,NA,37.38,0.68,36.47,52.46,NA,4.89,1,7.03,0.64,64.24,0.93,63.55,NA,1.01,51.65,52.32,NA,NA,0
2005-10-26,"07:00",1.25,66.07,0.93,65.65,23.42,1.02,44.9,1.3,47.81,0.74,34.7,52.99,1.35,5.93,1.15,9.41,1.25,71.61,1.17,62.57,10.03,1.94,51.58,65.47,0.04,26.25,0
2005-10-26,"08:00",2.16,55.07,1.36,80.67,23.68,1.67,54.99,1.54,57.27,0.95,35.67,44.71,1.48,4.25,2.31,13.41,1.72,78.04,1.95,87.79,11.08,2.86,86.28,70.32,0.04,20.31,0
2005-10-26,"09:00",2.91,79.11,1.59,69.83,24.06,2.06,63.93,2.47,69.98,1.53,43.09,50.74,2.28,3.71,2.5,13.32,2.32,91.37,2,79.8,11.97,3.02,103.75,80.2,0.1,22.51,4.3
2005-10-26,"10:00",3.33,81.38,1.81,68.17,26.28,2.26,90.66,3.84,75.19,2.93,44.66,100.57,5.71,12.32,3.47,17.25,2.84,120.44,1.9,64.5,14.12,3.63,98.62,110.47,0.57,37.88,14.62
2005-10-26,"11:00",2.75,96.71,5.22,57.62,39.5,2.6,130.9,6.78,NA,3,73.76,163.12,14.84,18.24,3.35,17.68,2.77,153.73,1.98,61.63,21.71,3.24,94.69,154.72,7.46,42.97,43.33
2005-10-26,"12:00",1.97,101.35,32.97,47.74,114.18,1.6,110.12,58.25,NA,1.61,57.06,140.92,74.64,13.99,3.2,20.7,2.81,170.32,2.11,75.76,53.31,1.5,46.1,103.38,47.85,4.74,91.79
2005-10-26,"13:00",1.59,20.77,100.5,28.47,150.18,1.33,76.5,110.19,99.33,1.17,47.33,100.74,107.42,8.8,2.74,22.06,2.94,164.32,1.19,148.78,79.89,1.09,36.12,77.93,62.25,7.94,113.88
2005-10-26,"14:00",1.26,74.12,45.55,28.23,76.21,1.21,104.65,40.97,90.64,0.87,36.22,55.73,60.93,6.11,2.36,9.81,1.57,92.16,0.63,172.17,76.55,1.17,117.13,56.83,24.03,36.13,83.89
2005-10-26,"15:00",1.58,36.5,38.2,32.18,56.74,1.18,52.96,63.53,79.46,0.96,21.3,59.35,84.1,5.74,2.66,18.16,2.12,124.54,0.7,14.18,93.2,1.79,27.22,84.69,31.67,49.93,67.14
2005-10-26,"16:00",2.07,41.17,39.61,39.3,49.08,1.33,58.84,94.02,64.5,0.7,19.21,39.66,90.82,5.8,3.27,28.59,2.63,169.03,0.55,44.8,83.9,1.47,30.54,75.39,42.04,56.25,57.21
2005-10-26,"17:00",1.28,71.04,38.55,66.59,59.25,0.97,69.84,58.05,87.41,0.67,22.11,45.19,75.53,5.75,3.11,23.71,2.2,121.43,0.54,52.32,70.38,1.1,17.06,61.84,36.77,62.86,69.92
2005-10-26,"18:00",1.19,45.72,28.2,56.2,51.64,0.89,55.05,45.06,47.36,0.6,32.68,39,55.07,5.07,2.52,16.47,1.99,105.93,0.53,54.18,40.91,1.09,67.23,64.09,39.16,53.91,37.68
2005-10-26,"19:00",1.37,30.69,3.89,40.82,28.09,0.95,34.78,14.98,50.14,0.69,26.65,51.02,12.46,3.34,2.98,11.37,2.19,93.34,0.59,5.23,31.82,1.29,71.82,56.14,0.11,52.79,27.48
2005-10-26,"20:00",1.32,24.31,1.25,37.34,24.54,0.83,17.84,9.37,32.25,0.68,10.77,46.54,8.05,2.2,2.57,11.52,2.09,79.03,0.45,1.99,35.88,1.14,4.05,52.62,0.01,54.18,9.38
2005-10-26,"21:00",0.99,20.57,0.79,26.6,23.1,0.69,16.98,2.48,NA,0.59,9.97,43.38,7.11,2.06,2.21,14.41,1.29,62.17,0.4,1.46,30.6,1.06,6.37,48.09,0.003298,46.06,8.48
2005-10-26,"22:00",0.95,33.35,0.73,24.62,23.03,0.81,20.74,2.2,NA,0.53,7.12,39.14,3.36,2.05,1.91,15.54,1.21,54.72,0.4,2.85,25.66,0.72,6.88,39.37,0.06,44.25,1.66
2005-10-26,"23:00",0.79,45.26,1.24,23.25,23.54,0.73,10.23,2.51,33.09,0.33,0.68,27.72,15.17,1.1,1.79,12.96,1.31,54.99,0.46,0.25,24.27,0.51,1.15,32.95,1.96,41.31,1.62
2005-10-26,"24:00",0.73,12.06,2.5,16.14,24.04,0.63,10.82,4.4,16.2,0.34,3.62,27.66,13.88,1.04,1.56,11.93,1.18,55.19,0.39,NA,21.57,0.58,0.64,34.07,0.8,37.52,0.34
2005-10-27,"01:00",0.53,20.66,9.28,6.52,27.47,0.45,9.32,9.14,14.04,0.26,4.66,NA,22.27,1.1,1.07,9.08,0.56,NA,0.27,3.95,30.41,0.38,2.13,NA,6.89,35.84,1.49
2005-10-27,"02:00",0.48,96.07,12.27,7.92,32.54,0.37,23.35,15.23,6.53,0.22,42.95,15.93,23.36,0.79,0.77,7.17,0.45,29.38,0.26,14.05,31.91,0.34,2.5,25.49,3.61,32.71,3.94
2005-10-27,"03:00",0.44,38.9,16.28,41.31,35.24,0.32,36.53,17.3,15.42,0.17,26.6,7.28,30.95,0.51,0.59,5.71,0.39,26.71,0.22,11.08,36.89,0.26,8.39,16.96,10.67,22.21,11.57
2005-10-27,"04:00",0.41,13,22.29,28.31,41.94,0.27,10.68,28.52,7.22,0.16,3.29,6.38,32.66,NA,0.56,NA,0.3,16.12,0.21,3.54,42.47,0.24,10.43,11.99,16.61,9.95,NA
2005-10-27,"05:00",0.4,1.47,22.51,11.89,42.36,NA,4.97,29.98,1.52,NA,12.77,8,30.76,0.79,NA,7.07,NA,18.88,NA,3.28,35.6,NA,3.63,12.31,16.3,8.75,23.45
2005-10-27,"06:00",0.52,3.1,NA,6.37,NA,0.22,9.53,NA,12.13,0.18,5.18,12.08,NA,1.09,0.54,5.5,0.38,32.44,0.27,1.51,NA,0.26,3.15,18.11,NA,13.35,17.04
2005-10-27,"07:00",0.78,19.22,2.04,6.22,25.12,0.32,12.54,8.6,20.21,0.31,4.85,31.96,3.59,2.22,0.7,3.07,0.42,45.41,0.45,4.47,13.29,0.69,7.54,36.89,0.6,23.11,8.79
2005-10-27,"08:00",1.13,9.05,1.42,8.82,23.74,0.63,11.41,2.95,37.62,0.63,11.34,37.19,3,7.94,1.06,7.89,1.04,53.7,0.84,28.82,12.5,1.74,21.36,41.85,0.01,25.19,2.33
2005-10-27,"09:00",1.36,20.21,3.11,20.57,24.89,0.92,34.34,10.51,41.68,0.87,22.49,37.39,6.42,8.53,1.35,7.21,1.27,55.13,0.99,21.67,15.61,1.6,20.88,48.13,0.18,21.47,6.03
2005-10-27,"10:00",1.44,13.39,5.58,37.63,29.22,0.78,21.74,14.51,42.43,0.86,24.7,40.36,14.71,9.7,1.8,14.32,1.65,61.4,1.09,30.69,21.52,1.58,31.84,47.57,4.32,20.11,12.21
2005-10-27,"11:00",1.15,19.42,11.5,30.79,37.86,0.62,12.4,26.49,38.38,0.75,20.51,46.75,34.21,6.39,1.48,16.62,1.61,67.82,0.94,44.48,38.45,1.3,19.02,52.46,11.32,28,15.76
2005-10-27,"12:00",1.15,16.11,21.38,30.59,56.64,0.62,16.55,47.65,28.82,0.66,19.92,41.07,63.01,5.87,1.39,13.26,1.71,76.25,0.74,31.92,59.1,1.32,27.1,60.26,32.65,28.48,44.45
2005-10-27,"13:00",1.07,35.94,31.62,32.21,75.39,0.61,34.8,64.91,42.9,0.68,32.93,38.09,86.12,6.24,1.14,8.9,1.27,81.43,0.81,19.5,93.23,1.1,46.71,63.92,48.19,16.48,61.49
2005-10-27,"14:00",1.03,40.02,50.59,30.97,95.09,0.58,27.4,78.33,30.1,0.63,28.65,39.3,106.38,7.16,1.24,8.92,1.65,100.91,0.87,30.15,127.36,1.06,39.8,58.79,72.99,8.89,81.84
2005-10-27,"15:00",0.97,25.17,74.31,26.62,117.83,0.59,19,93.78,30.94,0.64,34.68,34,134.74,5.47,1.3,8.2,1.8,92.65,0.81,40.51,159.93,1.07,37.29,55.91,96.24,8.03,104.28
2005-10-27,"16:00",1.05,23.45,111.48,27.38,137.86,0.71,20.25,115.47,28.92,0.64,23.33,30.71,176.87,4.59,1.87,11.76,1.73,108.8,0.77,49.3,172.29,1.06,31.13,68.45,88.93,4.69,104.93
2005-10-27,"17:00",1.69,48.62,67.27,28,122.81,1.38,53.64,66.34,69.13,0.93,33.06,60.84,102.96,18.26,3.25,36.74,2.35,137.09,0.79,128.59,71.8,1.16,46.02,72.02,79.07,5.36,118.96
2005-10-27,"18:00",1.54,80.5,38.76,40.66,71.02,1.19,78.22,50.99,82.6,0.96,49.15,67.37,73.15,11.6,3.05,28.83,2.51,136.69,0.69,61.89,60.03,1.39,95.08,85.67,46.66,69.34,81.92
2005-10-27,"19:00",1.52,57.84,7.17,71.77,37.76,0.99,60.78,27.12,55.59,0.76,35.04,53.52,20.76,6.55,2.69,17.89,2.18,93.79,0.46,68.46,47.16,1.07,77.19,57.84,6.91,79.98,36.41
2005-10-27,"20:00",1.19,42.61,3.35,49.79,25.06,1.04,36.43,6.75,40.29,0.68,21.22,54.19,10.94,5.69,2,14.18,2.13,88.21,0.45,5.32,42.42,1,41.98,60.55,1.35,63.91,5.84
2005-10-27,"21:00",1.21,29.25,1.36,40.81,23.11,0.89,25.64,1.62,27.42,0.8,17.09,58.37,2.06,10.73,2.17,22.71,1.41,66.65,0.48,7.2,33.96,1.17,24.56,60.72,0,49.87,0.005324
2005-10-27,"22:00",1.1,27.41,1.04,31.48,22.97,0.95,29.46,0.73,38.42,0.83,22.21,52.29,1.75,8.22,1.79,21.97,1.39,62.83,0.53,18.64,22.27,1.17,33.67,57.22,0,43.46,0.01
2005-10-27,"23:00",1.11,34.43,0.9,34.85,23.81,0.93,35.77,0.79,33.12,0.94,22.34,48.29,1.26,6.36,1.51,12.57,1.27,59.06,0.78,32.37,13.27,1.26,34.27,51.92,0,43.26,0
2005-10-27,"24:00",1.28,38.69,0.99,37.06,23.65,1.01,30.1,0.84,47.48,1,26.09,45.58,1.42,5.75,1.3,10.57,1.16,57.55,0.98,59.93,13.12,1.74,42.75,50.6,0.03,37.8,0
2005-10-28,"01:00",1.35,28.79,1.06,38.18,23.58,1.04,58.23,0.98,47.06,1.23,32.09,NA,1.44,5.26,2.06,14.28,1.33,NA,1.08,91.92,13.03,1.88,69.4,NA,0,30.27,0
2005-10-28,"02:00",1.51,75.02,1.08,56.47,23.46,1.1,69.76,0.71,44.12,1.44,84.42,35.76,1.33,5.33,1.96,17.06,1.7,59.18,1.13,55.82,12.83,1.57,48.68,46.36,0.03,24.38,0
2005-10-28,"03:00",1.7,74.09,1.12,78.1,24.25,1.29,66.15,0.96,52.75,1.55,41.56,30.38,1.05,4.58,1.94,14.02,1.98,61.89,1.03,65.51,12.61,1.36,60.08,43.4,0,23.42,0
2005-10-28,"04:00",1.75,46.59,1.05,55.89,24.04,1.51,50.94,1.09,49.57,1.47,39.7,27.15,1.2,NA,1.85,NA,1.42,64.76,1.03,59.72,12.7,1.35,56.48,38.08,0,16.44,NA
2005-10-28,"05:00",1.84,52.66,2.83,55.8,24.07,NA,47.05,1.5,NA,NA,35.72,29.3,1.31,1.11,NA,8.92,NA,63.53,NA,66.01,12.52,NA,56.57,37.72,0,19.33,0
2005-10-28,"06:00",1.51,76.38,NA,52.97,NA,0.91,61.69,NA,NA,1.28,32.67,25.85,NA,1.74,1.43,7.21,1.1,65.09,0.94,55.5,NA,1.31,56.47,41.32,NA,NA,0.53
2005-10-28,"07:00",1.46,68.54,7.2,53.67,22.9,0.93,48.03,0.96,NA,1.28,38.38,30.53,1.15,0.46,2.2,7.41,1.17,63.54,0.95,43.57,9.28,1.75,43.19,49.03,0.01,21.59,28.53
2005-10-28,"08:00",1.96,49.06,7.42,51.74,26.29,1.43,46.64,1.44,NA,1.62,37.13,31.93,1.27,2.01,3.07,12.23,1.69,76.4,1.26,35.64,12.7,2.87,54.23,70.41,0.01,15.61,38.7
2005-10-28,"09:00",2.21,40.13,11.71,34.37,49.61,2.28,51.05,3.59,NA,1.91,56.92,64.67,3.72,3.57,2.67,11.94,2.3,103.18,1.07,0.11,21.86,1.78,19.21,69.69,4.97,5.63,63.78
2005-10-28,"10:00",1.25,5.38,24.96,13.83,86.65,1.29,84.63,28.22,NA,1.29,23.84,69.98,37.93,6.11,2.62,15.03,1.5,101.86,0.84,NA,47.52,1.24,3.52,58.21,28.13,3.9,71.1
2005-10-28,"11:00",1.13,18.48,54.16,12.13,99.19,0.8,38.39,66.16,NA,0.69,24.31,29.09,83.82,1.99,2.18,11.27,2.71,114.2,0.71,9.07,82.26,1.05,23.21,44.79,47.04,2.88,79.88
2005-10-28,"12:00",1.18,32.79,77.24,18.31,117.05,0.88,33.78,83.7,NA,0.65,25.64,26.82,104.74,3.93,2.47,14.49,2.94,116.17,0.61,23.46,103.77,0.96,29.38,38.78,68.83,4.85,96.09
2005-10-28,"13:00",1.12,25.98,100.52,46.99,139.95,0.86,38.28,105.65,NA,0.57,34.35,18.71,136.57,4.13,2.08,NA,2.2,114.43,0.56,15.24,116.33,0.96,35.64,38.83,91.9,5.42,113.83
2005-10-28,"14:00",1.06,32.83,114.09,26,154.39,0.77,28.14,117.46,NA,0.52,47.25,17.32,133.22,2.54,2.2,NA,1.58,105.62,0.53,20.21,123.82,0.83,21.01,39.17,77.53,5.63,129.24
2005-10-28,"15:00",1.25,37.58,91.81,0.79,148.17,0.9,37.74,94.58,NA,0.59,22.75,28.27,104.68,0.97,NA,NA,2.02,116.07,0.61,44.76,96.79,1.19,58.44,67.73,43.27,6.35,119.73
2005-10-28,"16:00",1.44,52.11,62.9,16.4,105.9,0.98,86.27,69.39,NA,0.6,25.24,27.41,96.89,0.29,2.4,NA,1.98,99.34,0.67,198.33,89.57,1.11,123.31,NA,30.81,16.83,95.91
2005-10-28,"17:00",1.66,53.8,18.26,36.88,81.07,1.22,45.05,30.3,NA,1.12,18.28,64.61,41.43,0.33,1.93,3.84,1.74,119.25,1.42,27.28,30.35,2.04,65.8,90.49,8.36,20.22,78.6
2005-10-28,"18:00",1.97,42.39,11.21,24.89,65.38,2.04,33.2,5.45,NA,2.12,25.99,112.44,3.53,0.89,5.31,12.44,2.87,133.91,1.38,74.99,25.25,3.12,68.07,111.9,0.07,18.27,55.99
2005-10-28,"19:00",1.81,43.42,11.68,22.27,25.62,1.9,38.1,7.66,NA,1.75,20.83,113.64,4.83,1.56,4.55,16.31,2.95,132.09,1.24,69.02,33.33,2.07,48.25,NA,2.45,41.33,42.86
2005-10-28,"20:00",1.91,35.66,9.05,32.65,29.17,1.59,25.33,7.49,NA,1.32,18.2,89.15,12.98,0.27,2.62,9.31,2.34,119.55,0.74,22.35,41.27,1.98,54.46,97.1,0.71,82.38,11.2
2005-10-28,"21:00",1.26,33.1,12.98,30.66,27.18,1.06,19.46,9.07,NA,0.5,11.65,30.05,29.96,0.96,2.35,13.24,1.69,83.81,0.54,NA,39.51,0.97,27.63,64.79,2.64,75.48,4.96
2005-10-28,"22:00",0.96,0.1,16.86,20.32,29.24,0.75,12.49,23.15,NA,0.51,2.8,31.27,37.98,1.6,2.18,10.48,1.18,77.23,0.46,NA,54.13,0.91,5.03,62.36,0.91,44.27,13.8
2005-10-28,"23:00",1.27,20.33,8.39,12.8,23.91,1.07,4.61,4.38,NA,0.68,1.66,44.95,14.67,2.18,1.79,4.48,1.16,85.27,0.84,22.01,15.02,1.62,17.93,67.22,0.002928,37.77,15.53
2005-10-28,"24:00",1.8,19.15,7.28,10.03,24.47,1.33,27.44,0.72,NA,1.31,13.85,61.53,0.92,2.79,2.35,4.8,1.3,84.15,1.21,41.11,9.17,1.7,26.47,64.26,0.000976,21.13,21.82
2005-10-29,"01:00",1.41,16.4,7.47,13.34,25.13,1.35,27.24,0.87,NA,1.21,13.91,NA,1.05,1.63,1.48,4.8,1.2,NA,1.21,34.93,8.86,1.45,24.22,NA,0.03,17.16,26.5
2005-10-29,"02:00",1.13,21.43,7.93,20.15,38.01,1.1,57.98,0.62,NA,0.97,83.08,60.23,0.57,0.51,1.8,6.49,0.82,64.38,0.98,4.34,9.87,1.46,26.49,64.85,0,7.97,54.58
2005-10-29,"03:00",1.2,31.1,7.51,48.65,47.29,1.13,58.16,0.66,NA,1.04,31.17,50.9,0.42,0.65,1.95,7.9,1.04,66.56,1.02,34.1,10.04,1.2,33.38,56.67,0,11.31,35.2
2005-10-29,"04:00",1.37,28.01,7.25,29.84,24.03,1.11,32.05,0.84,NA,1.23,18.76,48.86,0.85,NA,1.74,NA,1.19,69.23,1.13,39.14,9.19,1,26.16,51.59,0,7.9,NA
2005-10-29,"05:00",1.57,23.23,7.46,31.02,24.1,NA,27.53,1.15,NA,NA,20.43,53.26,1.01,1.13,NA,7.59,NA,69.47,NA,34.26,9.05,NA,30.04,50.89,0,8.71,14.28
2005-10-29,"06:00",1.3,26.99,NA,32.1,NA,0.7,30.42,NA,NA,1.11,25.14,58.54,NA,1.42,2.16,9.44,1.28,68.1,0.89,29.28,NA,1.1,33.7,54.1,NA,13.63,6.02
2005-10-29,"07:00",0.86,33.38,5.11,31.03,NA,0.56,27.26,17.2,NA,0.47,16.53,24.13,24.77,2.03,1.26,6.08,0.78,53.47,0.42,0.97,37.36,0.65,10.61,37.23,3.49,29.08,11.61
2005-10-29,"08:00",1.13,1.47,2.61,19.43,NA,0.65,6.76,17.48,NA,0.35,4.69,20.02,26.52,3.82,1.16,1.63,0.5,52.21,0.7,11.32,17.13,0.8,11.3,39.13,1.86,17.97,21.87
2005-10-29,"09:00",1.41,15.71,2.02,7.08,NA,0.93,21.22,5.98,NA,0.63,12.74,40.24,11.73,4.28,1.79,3.01,0.77,62.42,0.88,17.07,14.76,1.12,18.52,50.46,0.97,7.14,36.34
2005-10-29,"10:00",1.24,8.05,9.81,4.1,NA,0.81,10.48,12.32,NA,0.89,8.31,45.31,18.51,3.34,2.05,10.2,1.25,68.72,0.79,0.1,28.35,1.21,4.56,52.75,4.77,4.85,40.58
2005-10-29,"11:00",1.42,12.85,11.26,4.51,NA,1.16,8.57,18.25,NA,0.77,8.17,45.91,28.78,3.73,2.55,15.7,1.49,81.42,0.44,2.36,49.11,1.05,20.01,58.08,9.11,16.7,55.92
2005-10-29,"12:00",1.15,24.63,14.73,9.91,NA,0.96,25.61,29.72,NA,0.49,11.57,21.94,45.55,1.24,2.36,17.95,1.27,71.5,0.34,3.38,56.63,0.67,21.44,38.64,19.08,27.52,42.55
2005-10-29,"13:00",1.08,16.47,13.61,17.12,NA,0.87,17.06,29.95,NA,0.47,4.47,22.65,40.86,1.11,2.41,18.23,1.27,70.87,0.39,12.2,56.37,0.64,20.08,38.72,13.65,32.98,33.14
2005-10-29,"14:00",1.04,21.38,10.77,15.64,45.29,0.98,16,21.82,NA,0.54,5.65,25.42,38.18,0.97,2.31,18.99,1.38,61.94,0.37,12.2,58.83,0.7,25.25,35.1,16.59,36.6,24.17
2005-10-29,"15:00",0.9,10.02,20.06,11.75,36.14,0.83,11.19,32.42,NA,0.44,5.12,18.03,45.94,0.48,2.46,19.21,1.27,66.61,0.36,1.4,52.95,0.58,5.8,33.48,16.19,29.65,33.87
2005-10-29,"16:00",0.73,5.75,18.84,11.37,38.83,0.6,6.12,30.17,44.26,0.37,2,18.12,33.57,0.45,1.89,11.89,0.96,64.1,0.37,3.14,43.27,0.5,4.3,32.19,13.12,31.75,25.9
2005-10-29,"17:00",0.68,6.54,18.85,9.77,41.78,0.53,4.94,33.64,15.46,0.3,5.27,12.95,37.58,1.22,1.61,12.58,0.84,52.14,0.39,1.04,43.57,0.48,11.59,39.48,13.49,21.73,28.13
2005-10-29,"18:00",0.68,13.17,15.06,7.03,37.26,0.58,7.27,22.79,22.27,0.32,5.18,18,31.21,2.73,1.86,12.75,0.78,49.7,0.38,1.44,42.97,0.43,6.69,28.76,15.26,22.98,26.07
2005-10-29,"19:00",0.67,6.6,12.89,4.9,34.41,0.57,10.72,22.57,19.46,0.32,4.04,19.56,29.42,1.54,2.02,11.45,0.83,50.52,0.4,3.72,40.82,0.47,8.78,30.63,10.71,25.54,20.68
2005-10-29,"20:00",0.71,9.5,9.32,6.94,29.12,0.61,10.55,19.34,11.37,0.4,1.89,26.19,21.04,3.42,1.77,9.14,0.71,51.2,0.44,7.08,40.13,0.46,8.37,29.27,10.94,34.9,8.56
2005-10-29,"21:00",0.67,9.68,10.86,9.36,31.04,0.52,2.72,26.7,15.45,0.38,5.21,25.13,24.91,5,1.85,7.6,0.66,47.86,0.46,13.11,33.46,0.47,14.51,30.49,9.38,25.97,20.3
2005-10-29,"22:00",0.61,3.45,14.14,8.74,35.28,0.49,7.96,29.02,7.8,0.36,2.92,25.57,23.21,4.53,1.52,7.14,0.62,48.52,0.43,1.1,37.61,0.48,5.09,32.84,6.96,29.81,16.24
2005-10-29,"23:00",0.58,12.94,18.04,5.96,35.2,0.47,9.9,28.69,11.66,0.32,7.09,22.39,26.44,5.25,1.5,6.91,0.65,45.8,0.41,9.42,39.85,0.39,4.03,25,14.67,20.68,27.34
2005-10-29,"24:00",0.66,1.73,15.55,6.15,32.98,0.41,2.58,37.04,11.95,0.32,7.47,21.68,30.02,5.19,1.57,5.75,0.42,41.95,0.36,9.88,45.54,0.44,4.55,25.92,15.41,21.85,27.31
2005-10-30,"01:00",0.6,5.68,18.29,7.07,42.55,0.43,10.11,32.61,9.59,0.26,2.67,NA,37.7,5.46,1.5,4.83,0.36,NA,0.3,6.23,50.18,0.38,4.83,NA,16.64,21.63,26.34
2005-10-30,"02:00",0.49,21.94,24.99,7.36,50.17,0.37,14.94,36.7,20.96,0.23,53.39,12.76,41.97,5.84,1.12,4.22,0.44,32.79,0.27,1.65,53.72,0.32,12.73,18.55,24.34,16.71,32.1
2005-10-30,"03:00",0.45,30.55,26.63,35.55,48.8,0.33,28.19,41.03,18.18,0.19,23.45,7.72,46.1,4.59,0.7,3.16,0.28,25.42,0.27,5.63,53.03,0.27,4.2,13.74,29.53,14.21,34.22
2005-10-30,"04:00",0.4,12.12,30.87,27.12,49.97,0.3,12.26,42.53,16.59,0.2,13.85,10.25,41.27,NA,0.84,NA,0.32,23.82,0.26,5.65,55.13,0.26,5.45,14.03,27.84,15.25,NA
2005-10-30,"05:00",0.36,3.94,33.9,12.68,52.34,NA,5.32,44.64,7.79,NA,6.68,7.56,43.73,1.52,NA,2.7,NA,26.86,NA,8.46,49.83,NA,7.68,14.17,27.21,15.06,31.81
2005-10-30,"06:00",0.44,13.08,NA,10.52,NA,0.24,11.5,NA,12.28,0.2,4.25,8.51,NA,2.11,1.16,3.49,0.34,29.55,0.26,10.76,NA,0.32,4.84,15.45,NA,NA,31.61
2005-10-30,"07:00",0.5,11.87,14.78,11.43,35.42,0.23,10.17,33.03,8.18,0.21,5.23,9.98,38.42,2.48,0.76,3.24,0.36,31.64,0.27,3.61,42.22,0.32,2.8,19.76,18.53,37.48,6.85
2005-10-30,"08:00",0.6,8.14,9.9,13.12,34.68,0.29,6.46,30.06,18.31,0.24,6.96,17.73,27.6,2.85,0.96,4.69,0.49,31.44,0.24,2.93,47.51,0.31,2.92,19.72,18.1,29.08,13.89
2005-10-30,"09:00",0.67,1.79,14.7,10.73,38.36,0.27,5.52,37.2,8.08,0.33,1.92,19.18,26.56,5.84,1.07,6.04,0.58,36.83,0.28,1.14,45.83,0.4,11.3,24.53,14.6,22.32,20.13
2005-10-30,"10:00",0.54,9.82,20.51,10.05,41.26,0.29,2.65,34.3,9.12,0.56,7.84,21.34,24.42,8.32,1.17,10.23,0.62,40.97,0.32,1.88,41.38,0.58,3.59,25.86,13.59,14.19,29.7
2005-10-30,"11:00",0.68,7.39,19.54,50.73,40.04,0.33,11.04,36.8,10.33,0.44,10.11,15.47,32.92,5.77,1.39,14.26,0.7,38.97,0.3,2.66,46.36,0.54,7.87,21.4,20.06,14.96,26.6
2005-10-30,"12:00",0.6,5.67,27.87,46.23,43.43,0.38,5.74,35.39,14.37,0.48,9.55,16.41,33.65,7.43,1.39,14,0.78,41.23,0.35,7.27,46.35,0.53,7.96,20.55,20.86,10.81,32.17
2005-10-30,"13:00",0.68,9.36,24.28,60.65,42.71,0.47,15.25,33.49,17.12,0.45,4.38,19.31,31.67,5.16,1.52,12.61,0.82,42.76,0.33,11.17,49.44,0.48,10.35,22.86,19.19,10.32,39.56
2005-10-30,"14:00",0.76,17.25,23.79,37.13,45.5,0.49,8.16,35.37,15.81,0.62,13.92,22.42,30.09,5.38,NA,NA,0.97,46.11,0.46,8.97,47.78,0.66,17.92,25.89,18.98,24.5,25.79
2005-10-30,"15:00",0.62,6.35,28.26,44.09,46.97,0.39,13.49,40.81,8.8,0.35,9.03,14.74,37.64,2.65,1.67,14.76,0.77,43.91,0.56,18.6,48.59,0.44,8.63,18.79,25.56,20.67,31.14
2005-10-30,"16:00",0.61,9.85,27.04,25.1,43.03,0.37,14.76,38.64,13.8,0.33,12.42,15.05,37.08,0.05,1.49,12.91,0.67,42.16,0.53,23.04,45.81,0.47,12.4,21.41,22.7,14.75,32.58
2005-10-30,"17:00",0.62,14.39,23.83,19.13,37.5,0.41,15.81,31.17,21.33,0.43,10.62,19.91,28.4,0.88,1.6,13.97,0.78,44.7,0.47,36.79,42.31,0.5,21.03,23.21,18.82,20.97,25.15
2005-10-30,"18:00",0.82,32.34,14.08,55.12,31.45,0.59,18.6,20.11,NA,0.54,27.63,25.04,20.96,1.5,2.01,11.39,0.92,47.14,0.42,26.65,38.65,0.72,37.19,34.4,6.43,17.75,25.51
2005-10-30,"19:00",0.75,25.4,8.21,33.21,26.37,0.47,22.56,19.59,NA,0.49,8.99,25.62,16.92,2.33,1.8,9.17,0.85,45.32,0.59,28.52,28.37,0.78,26.85,34.16,3.73,30.54,10.49
2005-10-30,"20:00",0.71,12.82,6.12,13.94,29.09,0.55,17.96,11.41,33.73,0.46,16.6,25.3,17.97,3.25,2.1,11.72,0.92,49.24,0.59,17.42,30.66,0.63,11.39,31.44,5.86,22.5,18.94
2005-10-30,"21:00",0.68,14.99,4.81,13.59,28.16,0.53,4.97,10.88,NA,0.52,9.13,29.52,13.11,3.09,1.89,10.96,1.01,53.48,0.6,16.42,30.06,0.62,11.24,32.2,3.85,15.61,27.61
2005-10-30,"22:00",0.75,16.35,3.77,14.09,34.42,0.51,14.16,17.13,NA,0.58,13.55,26.83,16.05,7.01,1.88,12.02,0.77,48.51,0.61,11.38,28.68,0.64,14.7,32.86,4.99,17.51,24.59
2005-10-30,"23:00",0.81,16.36,2.44,30.63,32.45,0.54,6.86,16.21,32.48,0.59,5.53,31.94,8.66,3.08,1.65,9.48,0.73,44.79,0.55,19.99,28.1,0.7,19.03,34.51,1.39,21.33,19.41
2005-10-30,"24:00",0.7,7.94,7.74,27.46,36.58,0.44,7.64,22.66,19.55,0.57,8.78,30.34,9.63,3.11,1.11,5.29,0.64,41.43,0.63,17.52,23.37,0.58,17.05,32.42,3.19,19.3,20.71
2005-10-31,"01:00",0.52,3.53,14.43,13.65,39.98,0.35,5.34,27.49,14.06,0.4,12.19,NA,12.58,2.38,0.66,3.37,0.38,NA,0.6,21.6,22.76,0.49,9.58,NA,7.08,19.46,19.08
2005-10-31,"02:00",0.42,16.64,23.4,11.1,42.96,0.27,4.62,34.34,9.93,0.3,49.37,19.16,19.18,2.68,0.94,6.65,0.22,16.08,0.51,9.88,30.15,0.37,6.85,16.81,16.14,12.35,24.24
2005-10-31,"03:00",0.38,22.97,26.06,50.18,42.94,0.25,13.95,35.43,16.22,0.29,32.74,20.79,16.49,5.43,0.65,6.35,0.29,15.96,0.4,18.81,38.48,0.37,6.58,23.1,7.62,9.75,24.77
2005-10-31,"04:00",0.41,5.3,20.95,22.06,41.99,0.27,9.29,28.75,10.04,0.29,14.22,13.66,24.58,NA,0.58,NA,0.19,17.11,0.26,19.24,41.22,0.31,9.48,13.48,16.12,8.69,NA
2005-10-31,"05:00",0.53,8.08,12.03,3.34,35.73,NA,15.28,17.74,12.55,NA,11.45,20.47,17.12,0.5,NA,8.73,NA,22.38,NA,8.74,40.58,NA,14.56,23.4,7,9.05,22.99
2005-10-31,"06:00",0.56,12.59,NA,8.15,NA,0.4,11.94,NA,19.94,0.24,9.76,21.3,NA,0.01,1.06,10.71,0.45,34.87,0.29,5.19,NA,0.31,9.88,31.16,NA,23.99,11.81
2005-10-31,"07:00",0.6,15.33,6.26,12.12,24.47,0.52,10.67,6.53,7.01,0.3,6.86,28.92,17.22,0,2.16,12.49,0.58,51.23,0.42,0.87,26,0.54,6.07,36.59,2.12,34.39,4.17
2005-10-31,"08:00",0.91,4.19,3.9,12.11,24.07,0.94,42.4,4.45,18.44,0.46,9.04,37.89,13.96,0.003552,2.58,12.25,1.17,63.47,0.66,6.93,19.25,1.33,6.39,44.21,0.18,37.81,4.81
2005-10-31,"09:00",1.11,7.16,6.39,10.33,27.47,0.72,33.54,15,18.13,0.58,4.21,36.95,14.68,0.005505,2.48,13.56,1.29,66.92,0.55,15.47,29.64,2.36,8.3,43.5,2.61,34.05,12.11
2005-10-31,"10:00",1.33,18.74,7.74,13.18,33.3,0.64,11.47,22.78,30.33,0.62,6.1,38.03,17.09,0.62,1.14,11.42,1.69,69.15,0.58,0.03,27.87,1.69,11.52,48.21,2.71,27.51,20.3
2005-10-31,"11:00",1.1,13.95,7.79,17.57,31.99,0.52,9.97,25.14,38.05,0.73,16.28,43.35,17.23,1.84,2.25,22.58,1.91,73.72,0.61,17.14,28.14,1.44,19.39,53.43,3.24,27.51,21.97
2005-10-31,"12:00",NA,NA,NA,21.18,31.81,0.88,12.35,18.11,36.3,0.62,11.92,39.11,18.86,0.004262,2.51,23.68,2.01,76.09,0.49,18.02,36.58,1.1,28.93,49.83,2.75,26.42,26.95
2005-10-31,"13:00",1.24,21.86,7.65,23.08,31.63,0.92,28.15,16.88,40.17,0.51,11.46,31.96,25.04,0,2.39,25.62,1.81,71.2,0.43,17.47,42.23,1.09,26.07,42.7,7.2,36.23,20.84
2005-10-31,"14:00",1.06,28.28,11.73,22.21,40.57,0.7,19.06,29.64,28.45,0.53,16.03,36.12,26.75,0.25,2.66,27.19,1.97,71.69,0.38,3.42,47.5,1.04,16.5,43.6,9.74,35.58,28.14
2005-10-31,"15:00",0.91,15.36,21.11,21.6,45.12,0.88,15.4,21.29,25.86,0.47,4.7,31.46,31.39,0.26,2.76,28.29,1.72,72.81,0.37,5.25,46.95,1.06,14.02,41.9,17.09,32.28,38.74
2005-10-31,"16:00",1,6.17,20.94,30.24,52.91,0.78,15.93,35.73,19.82,0.46,11.79,32.16,29.36,0.003552,2.75,25.56,1.58,64.03,0.37,25.71,42.85,0.91,8.83,36.37,14.38,27.08,47.88
2005-10-31,"17:00",0.95,24.16,17.03,28.47,48.98,0.55,10.84,37.82,22.01,0.47,5.87,28.39,28.56,0.004972,2.33,19.73,1.47,65.39,0.36,3.48,38.65,0.85,19.52,35.62,12.17,28.66,44.26
2005-10-31,"18:00",0.91,33.2,12.41,36.59,36.8,0.74,7.95,19.57,19.87,0.49,8.47,32.12,17.91,0,2.73,16.9,1.58,61.77,0.45,13.23,32.02,0.76,21.41,35.34,7.07,31.21,25.1
2005-10-31,"19:00",0.95,54.95,6.86,39.8,28.07,0.76,15.11,14.06,18.17,0.53,4.28,36.19,9.77,0,2.47,14.91,1.71,58.38,0.61,1.01,24.98,0.84,10.13,39.64,1.49,36.78,12.55
2005-10-31,"20:00",0.82,6.92,7.75,12.48,25.64,0.57,40.69,11.72,16.5,0.42,6.11,32.81,10.97,0,2.13,13.92,1.33,56.65,0.44,2.39,25.78,0.7,14.98,37.91,1.29,36.3,8.09
2005-10-31,"21:00",0.69,NA,8.3,12.13,27.2,0.58,NA,9.91,13.9,0.35,2.7,26.68,17.97,0.08,1.76,13.06,1.33,55.89,0.41,11.43,26.2,0.6,3.29,37.28,2.76,29.38,15.59
2005-10-31,"22:00",0.61,7.58,9.45,1.09,27.9,0.5,NA,11,10.41,0.3,4.69,25.21,19.65,0.22,1.49,13.5,1,57.55,0.35,2.54,32.27,0.52,3.43,34.29,4.42,27.62,15.81
2005-10-31,"23:00",0.56,11.2,10.32,NA,30.09,0.46,NA,16.23,6.56,0.3,4.67,28.49,14.87,0.004972,1.55,13.1,0.69,47.34,0.36,10.64,34.24,0.43,6.47,25.82,11.73,30.1,13.26
2005-10-31,"24:00",0.62,4.32,7.44,6.27,34.39,0.37,NA,25.49,13.94,0.3,7.59,25.39,19,0.44,1.38,13.79,0.46,37.71,0.32,6.45,32.02,0.37,8.05,22.92,14.06,27.17,16.19
